[
  {
    "ami_id": "ami-03cf127a",
    "state": "available",
    "public": true,
    "owner_id": "801119661308",
    "image_location": "amazon/getting-started",
    "sriov": "simple",
    "root_device_type": "ebs",
    "root_device_name": "/dev/sda1",
    "description": "Microsoft Windows Server 2016 Nano Locale English AMI provided by Amazon",
    "image_type": "machine",
    "platform": "windows",
    "architecture": "x86_64",
    "name": "Windows_Server-2016-English-Nano-Base-2017.10.13",
    "virtualization_type": "hvm",
    "hypervisor": "xen"
  },
  {
    "ami_id": "ami-12c6146b",
    "state": "available",
    "public": true,
    "owner_id": "801119661308",
    "image_location": "amazon/getting-started",
    "sriov": "simple",
    "root_device_type": "ebs",
    "root_device_name": "/dev/sda1",
    "description": "Microsoft Windows Server 2008 R2 SP1 Datacenter 64-bit Locale English Base AMI provided by Amazon",
    "image_type": "machine",
    "platform": "windows",
    "architecture": "x86_64",
    "name": "Windows_Server-2008-R2_SP1-English-64Bit-Base-2017.10.13",
    "virtualization_type": "hvm",
    "hypervisor": "xen"
  },
  {
    "ami_id": "ami-1812c061",
    "state": "available",
    "public": true,
    "owner_id": "801119661308",
    "image_location": "amazon/getting-started",
    "sriov": "simple",
    "root_device_type": "ebs",
    "root_device_name": "/dev/sda1",
    "description": "Microsoft Windows Server 2016 Locale English with SQL Standard 2016 AMI provided by Amazon",
    "image_type": "machine",
    "platform": "windows",
    "architecture": "x86_64",
    "name": "Windows_Server-2016-English-Full-SQL_2016_SP1_Standard-2017.10.13",
    "virtualization_type": "hvm",
    "hypervisor": "xen"
  },
  {
    "ami_id": "ami-1e749f67",
    "state": "available",
    "public": true,
    "owner_id": "099720109477",
    "image_location": "amazon/getting-started",
    "sriov": "simple",
    "root_device_type": "ebs",
    "root_device_name": "/dev/sda1",
    "description": "Canonical, Ubuntu, 14.04 LTS, amd64 trusty image build on 2017-07-27",
    "image_type": "machine",
    "platform": null,
    "architecture": "x86_64",
    "name": "ubuntu/images/hvm-ssd/ubuntu-trusty-14.04-amd64-server-20170727",
    "virtualization_type": "hvm",
    "hypervisor": "xen"
  },
  {
    "ami_id": "ami-1ecc1e67",
    "state": "available",
    "public": true,
    "owner_id": "801119661308",
    "image_location": "amazon/getting-started",
    "sriov": "simple",
    "root_device_type": "ebs",
    "root_device_name": "/dev/sda1",
    "description": "Microsoft Windows Server 2012 R2 RTM 64-bit Locale English AMI provided by Amazon",
    "image_type": "machine",
    "platform": "windows",
    "architecture": "x86_64",
    "name": "Windows_Server-2012-R2_RTM-English-64Bit-Base-2017.10.13",
    "virtualization_type": "hvm",
    "hypervisor": "xen"
  },
  {
    "ami_id": "ami-1f12c066",
    "state": "available",
    "public": true,
    "owner_id": "801119661308",
    "image_location": "amazon/getting-started",
    "sriov": "simple",
    "root_device_type": "ebs",
    "root_device_name": "/dev/sda1",
    "description": "Microsoft Windows Server 2016 Locale English with SQL Express 2016 AMI provided by Amazon",
    "image_type": "machine",
    "platform": "windows",
    "architecture": "x86_64",
    "name": "Windows_Server-2016-English-Full-SQL_2016_SP1_Express-2017.10.13",
    "virtualization_type": "hvm",
    "hypervisor": "xen"
  },
  {
    "ami_id": "ami-24f3215d",
    "state": "available",
    "public": true,
    "owner_id": "801119661308",
    "image_location": "amazon/getting-started",
    "sriov": "simple",
    "root_device_type": "ebs",
    "root_device_name": "/dev/sda1",
    "description": "Microsoft Windows Server 2012 R2 RTM 64-bit Locale English with SQL Web 2014 AMI provided by Amazon",
    "image_type": "machine",
    "platform": "windows",
    "architecture": "x86_64",
    "name": "Windows_Server-2012-R2_RTM-English-64Bit-SQL_2014_SP2_Web-2017.10.13",
    "virtualization_type": "hvm",
    "hypervisor": "xen"
  },
  {
    "ami_id": "ami-35e92e4c",
    "state": "available",
    "public": true,
    "owner_id": "013907871322",
    "image_location": "amazon/getting-started",
    "sriov": "simple",
    "root_device_type": "ebs",
    "root_device_name": "/dev/sda1",
    "description": "SUSE Linux Enterprise Server 12 SP3 (HVM, 64-bit, SSD-Backed)",
    "image_type": "machine",
    "platform": null,
    "architecture": "x86_64",
    "name": "suse-sles-12-sp3-v20170907-hvm-ssd-x86_64",
    "virtualization_type": "hvm",
    "hypervisor": "xen"
  },
  {
    "ami_id": "ami-3bf32142",
    "state": "available",
    "public": true,
    "owner_id": "801119661308",
    "image_location": "amazon/getting-started",
    "sriov": "simple",
    "root_device_type": "ebs",
    "root_device_name": "/dev/sda1",
    "description": "Microsoft Windows Server 2012 R2 RTM 64-bit Locale English with SQL Express 2016 AMI provided by Amazon",
    "image_type": "machine",
    "platform": "windows",
    "architecture": "x86_64",
    "name": "Windows_Server-2012-R2_RTM-English-64Bit-SQL_2016_SP1_Express-2017.10.13",
    "virtualization_type": "hvm",
    "hypervisor": "xen"
  },
  {
    "ami_id": "ami-3df32144",
    "state": "available",
    "public": true,
    "owner_id": "801119661308",
    "image_location": "amazon/getting-started",
    "sriov": "simple",
    "root_device_type": "ebs",
    "root_device_name": "/dev/sda1",
    "description": "Microsoft Windows Server 2012 R2 RTM 64-bit Locale English with SQL Enterprise 2016 AMI provided by Amazon",
    "image_type": "machine",
    "platform": "windows",
    "architecture": "x86_64",
    "name": "Windows_Server-2012-R2_RTM-English-64Bit-SQL_2016_SP1_Enterprise-2017.10.13",
    "virtualization_type": "hvm",
    "hypervisor": "xen"
  },
  {
    "ami_id": "ami-56ec3e2f",
    "state": "available",
    "public": true,
    "image_location": "amazon/getting-started",
    "owner_id": "801119661308",
    "sriov": "simple",
    "root_device_type": "ebs",
    "root_device_name": "/dev/sda1",
    "description": "Microsoft Windows Server 2016 Locale English with SQL Express 2017 AMI provided by Amazon",
    "image_type": "machine",
    "platform": "windows",
    "architecture": "x86_64",
    "name": "Windows_Server-2016-English-Full-SQL_2017_Express-2017.10.13",
    "virtualization_type": "hvm",
    "hypervisor": "xen"
  },
  {
    "ami_id": "ami-61db0918",
    "state": "available",
    "public": true,
    "owner_id": "801119661308",
    "image_location": "amazon/getting-started",
    "sriov": "simple",
    "root_device_type": "ebs",
    "root_device_name": "/dev/sda1",
    "description": "Microsoft Windows Server 2003 R2 SP2 Datacenter 64-bit Locale English Base AMI provided by Amazon",
    "image_type": "machine",
    "platform": "windows",
    "architecture": "x86_64",
    "name": "Windows_Server-2003-R2_SP2-English-64Bit-Base-2017.10.13",
    "virtualization_type": "hvm",
    "hypervisor": "xen"
  },
  {
    "ami_id": "ami-6ef02217",
    "state": "available",
    "public": true,
    "owner_id": "801119661308",
    "image_location": "amazon/getting-started",
    "sriov": "simple",
    "root_device_type": "ebs",
    "root_device_name": "/dev/sda1",
    "description": "Microsoft Windows Server 2012 R2 RTM 64-bit Locale English with SQL Web 2016 AMI provided by Amazon",
    "image_type": "machine",
    "platform": "windows",
    "architecture": "x86_64",
    "name": "Windows_Server-2012-R2_RTM-English-64Bit-SQL_2016_SP1_Web-2017.10.13",
    "virtualization_type": "hvm",
    "hypervisor": "xen"
  },
  {
    "ami_id": "ami-760aaa0f",
    "state": "available",
    "public": true,
    "owner_id": "137112412989",
    "image_location": "amazon/getting-started",
    "sriov": "simple",
    "root_device_type": "ebs",
    "root_device_name": "/dev/xvda",
    "description": "Amazon Linux AMI 2017.09.1.20171103 x86_64 HVM GP2",
    "image_type": "machine",
    "platform": null,
    "architecture": "x86_64",
    "name": "amzn-ami-hvm-2017.09.1.20171103-x86_64-gp2",
    "virtualization_type": "hvm",
    "hypervisor": "xen"
  },
  {
    "ami_id": "ami-77ed3f0e",
    "state": "available",
    "public": true,
    "owner_id": "801119661308",
    "image_location": "amazon/getting-started",
    "sriov": "simple",
    "root_device_type": "ebs",
    "root_device_name": "/dev/sda1",
    "description": "Microsoft Windows Server 2016 Full Locale English with SQL Enterprise 2016 SP1 AMI provided by Amazon",
    "image_type": "machine",
    "platform": "windows",
    "architecture": "x86_64",
    "name": "Windows_Server-2016-English-Full-SQL_2016_SP1_Enterprise-2017.10.13",
    "virtualization_type": "hvm",
    "hypervisor": "xen"
  },
  {
    "ami_id": "ami-785db401",
    "state": "available",
    "public": true,
    "owner_id": "099720109477",
    "image_location": "amazon/getting-started",
    "sriov": "simple",
    "root_device_type": "ebs",
    "root_device_name": "/dev/sda1",
    "description": "Canonical, Ubuntu, 16.04 LTS, amd64 xenial image build on 2017-07-21",
    "image_type": "machine",
    "platform": null,
    "architecture": "x86_64",
    "name": "ubuntu/images/hvm-ssd/ubuntu-xenial-16.04-amd64-server-20170721",
    "virtualization_type": "hvm",
    "hypervisor": "xen"
  },
  {
    "ami_id": "ami-8104a4f8",
    "state": "available",
    "public": true,
    "owner_id": "137112412989",
    "image_location": "amazon/getting-started",
    "sriov": "simple",
    "root_device_type": "ebs",
    "root_device_name": "/dev/sda1",
    "description": "Amazon Linux AMI 2017.09.1.20171103 x86_64 PV EBS",
    "image_type": "machine",
    "platform": null,
    "architecture": "x86_64",
    "name": "amzn-ami-pv-2017.09.1.20171103-x86_64-ebs",
    "virtualization_type": "paravirtual",
    "hypervisor": "xen"
  },
  {
    "ami_id": "ami-84ee3cfd",
    "state": "available",
    "public": true,
    "owner_id": "801119661308",
    "image_location": "amazon/getting-started",
    "sriov": "simple",
    "root_device_type": "ebs",
    "root_device_name": "/dev/sda1",
    "description": "Microsoft Windows Server 2016 Locale English with SQL Web 2017 AMI provided by Amazon",
    "image_type": "machine",
    "platform": "windows",
    "architecture": "x86_64",
    "name": "Windows_Server-2016-English-Full-SQL_2017_Web-2017.10.13",
    "virtualization_type": "hvm",
    "hypervisor": "xen"
  },
  {
    "ami_id": "ami-86ee3cff",
    "state": "available",
    "public": true,
    "owner_id": "801119661308",
    "image_location": "amazon/getting-started",
    "sriov": "simple",
    "root_device_type": "ebs",
    "root_device_name": "/dev/sda1",
    "description": "Microsoft Windows Server 2016 Locale English with SQL Standard 2017 AMI provided by Amazon",
    "image_type": "machine",
    "platform": "windows",
    "architecture": "x86_64",
    "name": "Windows_Server-2016-English-Full-SQL_2017_Standard-2017.10.13",
    "virtualization_type": "hvm",
    "hypervisor": "xen"
  },
  {
    "ami_id": "ami-999844e0",
    "state": "available",
    "public": true,
    "owner_id": "898082745236",
    "image_location": "amazon/getting-started",
    "sriov": "simple",
    "root_device_type": "ebs",
    "root_device_name": "/dev/xvda",
    "description": "Deep Learning on Amazon Linux with MXNet, Tensorflow, Caffe, Theano, Torch, CNTK and Keras",
    "image_type": "machine",
    "platform": null,
    "architecture": "x86_64",
    "name": "Deep Learning AMI Amazon Linux - 3.3_Oct2017",
    "virtualization_type": "hvm",
    "hypervisor": "xen"
  },
  {
    "ami_id": "ami-9b32e8e2",
    "state": "available",
    "public": true,
    "owner_id": "898082745236",
    "image_location": "amazon/getting-started",
    "sriov": "simple",
    "root_device_type": "ebs",
    "root_device_name": "/dev/sda1",
    "description": "CUDA9 Classic Ubuntu DLAMI 1508914531",
    "image_type": "machine",
    "platform": null,
    "architecture": "x86_64",
    "name": "Ubuntu CUDA9 DLAMI with MXNet/TF/Caffe2",
    "virtualization_type": "hvm",
    "hypervisor": "xen"
  },
  {
    "ami_id": "ami-a9cc1ed0",
    "state": "available",
    "public": true,
    "owner_id": "801119661308",
    "image_location": "amazon/getting-started",
    "sriov": "simple",
    "root_device_type": "ebs",
    "root_device_name": "/dev/sda1",
    "description": "Microsoft Windows Server 2012 R2 RTM 64-bit Locale English with SQL Standard 2014 AMI provided by Amazon",
    "image_type": "machine",
    "platform": "windows",
    "architecture": "x86_64",
    "name": "Windows_Server-2012-R2_RTM-English-64Bit-SQL_2014_SP2_Standard-2017.10.13",
    "virtualization_type": "hvm",
    "hypervisor": "xen"
  },
  {
    "ami_id": "ami-afee3cd6",
    "state": "available",
    "public": true,
    "owner_id": "801119661308",
    "image_location": "amazon/getting-started",
    "sriov": "simple",
    "root_device_type": "ebs",
    "root_device_name": "/dev/sda1",
    "description": "Microsoft Windows Server 2016 Locale English with SQL Web 2016 SP1 AMI provided by Amazon",
    "image_type": "machine",
    "platform": "windows",
    "architecture": "x86_64",
    "name": "Windows_Server-2016-English-Full-SQL_2016_SP1_Web-2017.10.13",
    "virtualization_type": "hvm",
    "hypervisor": "xen"
  },
  {
    "ami_id": "ami-b7e93bce",
    "state": "available",
    "public": true,
    "owner_id": "801119661308",
    "image_location": "amazon/getting-started",
    "sriov": "simple",
    "root_device_type": "ebs",
    "root_device_name": "/dev/sda1",
    "description": "Microsoft Windows Server 2016 with Desktop Experience Locale English AMI provided by Amazon",
    "image_type": "machine",
    "platform": "windows",
    "architecture": "x86_64",
    "name": "Windows_Server-2016-English-Full-Base-2017.10.13",
    "virtualization_type": "hvm",
    "hypervisor": "xen"
  },
  {
    "ami_id": "ami-bb9a6bc2",
    "state": "available",
    "public": true,
    "owner_id": "309956199498",
    "image_location": "amazon/getting-started",
    "sriov": "simple",
    "root_device_type": "ebs",
    "root_device_name": "/dev/sda1",
    "description": "Provided by Red Hat, Inc.",
    "image_type": "machine",
    "platform": null,
    "architecture": "x86_64",
    "name": "RHEL-7.4_HVM_GA-20170808-x86_64-2-Hourly2-GP2",
    "virtualization_type": "hvm",
    "hypervisor": "xen"
  },
  {
    "ami_id": "ami-bceb39c5",
    "state": "available",
    "public": true,
    "owner_id": "801119661308",
    "image_location": "amazon/getting-started",
    "sriov": "simple",
    "root_device_type": "ebs",
    "root_device_name": "/dev/sda1",
    "description": "Microsoft Windows Server 2016 with Containers Locale English AMI provided by Amazon",
    "image_type": "machine",
    "platform": "windows",
    "architecture": "x86_64",
    "name": "Windows_Server-2016-English-Full-Containers-2017.10.13",
    "virtualization_type": "hvm",
    "hypervisor": "xen"
  },
  {
    "ami_id": "ami-c2ff2dbb",
    "state": "available",
    "public": true,
    "owner_id": "801119661308",
    "image_location": "amazon/getting-started",
    "sriov": "simple",
    "root_device_type": "ebs",
    "root_device_name": "/dev/sda1",
    "description": "Microsoft Windows Server 2012 RTM 64-bit Locale English Base AMI provided by Amazon",
    "image_type": "machine",
    "platform": "windows",
    "architecture": "x86_64",
    "name": "Windows_Server-2012-RTM-English-64Bit-Base-2017.10.13",
    "virtualization_type": "hvm",
    "hypervisor": "xen"
  },
  {
    "ami_id": "ami-c6f321bf",
    "state": "available",
    "public": true,
    "owner_id": "801119661308",
    "image_location": "amazon/getting-started",
    "sriov": "simple",
    "root_device_type": "ebs",
    "root_device_name": "/dev/sda1",
    "description": "Microsoft Windows Server 2012 R2 RTM 64-bit Locale English with SQL Express 2014 AMI provided by Amazon",
    "image_type": "machine",
    "platform": "windows",
    "architecture": "x86_64",
    "name": "Windows_Server-2012-R2_RTM-English-64Bit-SQL_2014_SP2_Express-2017.10.13",
    "virtualization_type": "hvm",
    "hypervisor": "xen"
  },
  {
    "ami_id": "ami-d1cb19a8",
    "state": "available",
    "public": true,
    "owner_id": "801119661308",
    "image_location": "amazon/getting-started",
    "sriov": "simple",
    "root_device_type": "ebs",
    "root_device_name": "/dev/sda1",
    "description": "Microsoft Windows Server 2008 SP2 Datacenter 64-bit Locale English Base AMI provided by Amazon",
    "image_type": "machine",
    "platform": "windows",
    "architecture": "x86_64",
    "name": "Windows_Server-2008-SP2-English-64Bit-Base-2017.10.13",
    "virtualization_type": "hvm",
    "hypervisor": "xen"
  },
  {
    "ami_id": "ami-dca37ea5",
    "state": "available",
    "public": true,
    "owner_id": "898082745236",
    "image_location": "amazon/getting-started",
    "sriov": "simple",
    "root_device_type": "ebs",
    "root_device_name": "/dev/sda1",
    "description": "Deep Learning on Ubuntu Linux with MXNet, Tensorflow, Caffe, Theano, Torch, CNTK and Keras",
    "image_type": "machine",
    "platform": null,
    "architecture": "x86_64",
    "name": "Deep Learning AMI Ubuntu Linux - 2.4_Oct2017",
    "virtualization_type": "hvm",
    "hypervisor": "xen"
  },
  {
    "ami_id": "ami-f0e83a89",
    "state": "available",
    "public": true,
    "owner_id": "801119661308",
    "image_location": "amazon/getting-started",
    "sriov": "simple",
    "root_device_type": "ebs",
    "root_device_name": "/dev/sda1",
    "description": "Microsoft Windows Server 2016 Locale English with SQL Enterprise 2017 AMI provided by Amazon",
    "image_type": "machine",
    "platform": "windows",
    "architecture": "x86_64",
    "name": "Windows_Server-2016-English-Full-SQL_2017_Enterprise-2017.10.13",
    "virtualization_type": "hvm",
    "hypervisor": "xen"
  },
  {
    "ami_id": "ami-f4cf1d8d",
    "state": "available",
    "public": true,
    "owner_id": "801119661308",
    "image_location": "amazon/getting-started",
    "sriov": "simple",
    "root_device_type": "ebs",
    "root_device_name": "/dev/sda1",
    "description": "Microsoft Windows Server 2012 R2 RTM 64-bit Locale English with SQL Standard 2016 AMI provided by Amazon",
    "image_type": "machine",
    "platform": "windows",
    "architecture": "x86_64",
    "name": "Windows_Server-2012-R2_RTM-English-64Bit-SQL_2016_SP1_Standard-2017.10.13",
    "virtualization_type": "hvm",
    "hypervisor": "xen"
  },
  {
    "ami_id": "ami-f8e54081",
    "state": "available",
    "public": true,
    "owner_id": "898082745236",
    "image_location": "amazon/getting-started",
    "sriov": "simple",
    "root_device_type": "ebs",
    "root_device_name": "/dev/xvda",
    "description": "CUDA9 Classic Amazon Linux DLAMI 1508914924",
    "image_type": "machine",
    "platform": null,
    "architecture": "x86_64",
    "name": "CUDA9ClassicAmazonLinuxDLAMIwithMXNetTensorflowandCaffe2 ",
    "virtualization_type": "hvm",
    "hypervisor": "xen"
  },
  {
    "ami_id": "ami-fa7cdd89",
    "state": "available",
    "public": true,
    "owner_id": "013907871322",
    "image_location": "amazon/getting-started",
    "sriov": "simple",
    "root_device_type": "ebs",
    "root_device_name": "/dev/sda",
    "description": "SUSE Linux Enterprise Server 11 Service Pack 4 ((PV, 64-bit, SSD-Backed)",
    "image_type": "machine",
    "platform": null,
    "architecture": "x86_64",
    "name": "suse-sles-11-sp4-v20151207-pv-ssd-x86_64",
    "virtualization_type": "paravirtual",
    "hypervisor": "xen"
  },
  {
    "ami_id": "ami-ekswin",
    "state": "available",
    "public": true,
    "owner_id": "801119661308",
    "image_location": "amazon/amazon-eks",
    "sriov": "simple",
    "root_device_type": "ebs",
    "root_device_name": "/dev/sda1",
    "description": "Microsoft Windows Server 2019 Core optimized for EKS and provided by Amazon",
    "image_type": "machine",
    "platform": "windows",
    "architecture": "x86_64",
    "name": "Windows_Server-2019-English-Core-EKS_Optimized",
    "virtualization_type": "hvm",
    "hypervisor": "xen"
  },
  {
    "ami_id": "ami-ekslinux",
    "state": "available",
    "public": true,
    "owner_id": "801119661308",
    "image_location": "amazon/amazon-eks",
    "sriov": "simple",
    "root_device_type": "ebs",
    "root_device_name": "/dev/sda1",
    "description": "EKS Kubernetes Worker AMI with AmazonLinux2 image",
    "image_type": "machine",
    "platform": "Linux/UNIX",
    "architecture": "x86_64",
    "name": "amazon-eks-node-linux",
    "virtualization_type": "hvm",
    "hypervisor": "xen"
  },
  {
    "ami_id": "ami-00a36856283d67c39",
    "state": "available",
    "public": true,
    "owner_id": "137112412989",
    "image_location": "amazon/amzn-ami-vpc-nat-2018.03.0.20210721.0-x86_64-ebs",
    "sriov": "simple",
    "root_device_type": "ebs",
    "root_device_name": "/dev/xvda",
    "description": "Amazon Linux AMI 2018.03.0.20210721.0 x86_64 VPC HVM ebs",
    "image_type": "machine",
    "platform": "Linux/UNIX",
    "architecture": "x86_64",
    "name": "amzn-ami-vpc-nat-2018.03.0.20210721.0-x86_64-ebs",
    "virtualization_type": "hvm",
    "hypervisor": "xen"
  },
  {
    "ami_id": "ami-000c540e28953ace2",
    "state": "available",
    "public": true,
    "owner_id": "137112412989",
    "image_location": "amazon/amzn-ami-minimal-hvm-2018.03.0.20181129-x86_64-ebs",
    "sriov": "simple",
    "root_device_type": "ebs",
    "root_device_name": "/dev/xvda",
    "description": "Amazon Linux AMI 2018.03.0.20181129 x86_64 Minimal HVM ebs",
    "image_type": "machine",
    "platform": "Linux/UNIX",
    "architecture": "x86_64",
    "name": "amzn-ami-minimal-hvm-2018.03.0.20181129-x86_64-ebs",
    "virtualization_type": "hvm",
    "hypervisor": "xen"
  },
  {
    "architecture": "x86_64",
    "ami_id": "ami-04681a1dbd79675a5",
    "image_location": "amazon/amzn2-ami-hvm-2.0.20180810-x86_64-gp2",
    "image_type": "machine",
    "public": true,
    "owner_id": "137112412989",
    "platform": "Linux/UNIX",
    "state": "available",
    "description": "Amazon Linux 2 AMI 2.0.20180810 x86_64 HVM gp2",
    "hypervisor": "xen",
    "name": "amzn2-ami-hvm-2.0.20180810-x86_64-gp2",
    "root_device_name": "/dev/xvda",
    "root_device_type": "ebs",
    "sriov": "simple",
    "virtualization_type": "hvm"
  },
  {
    "architecture": "x86_64",
    "ami_id": "ami-04681a1dbd79675b6",
    "image_location": "amazon/amzn2-ami-minimal-pv-2.0.20180810-x86_64-gp2",
    "image_type": "machine",
    "public": true,
    "owner_id": "137112412989",
    "platform": "Linux/UNIX",
    "state": "available",
    "description": "Example InstanceStore AMI used by AutoScaling tests",
    "hypervisor": "xen",
    "name": "amzn-ami-minimal-pv-2.0.20180810-x86_64-gp2",
    "root_device_name": "/dev/xvda",
    "root_device_type": "instance-store",
    "sriov": "simple",
    "virtualization_type": "hvm"
  },
  {
    "architecture": "x86_64",
    "ami_id": "ami-076f415166b04f5fe",
    "image_location": "amazon/al2022-ami-2022.0.20220728.1-kernel-5.15-x86_64",
    "image_type": "machine",
    "public": true,
    "owner_id": "137112412989",
    "platform": "Linux/UNIX",
    "state": "available",
    "description": "Amazon Linux 2022 AMI 2022.0.20220728.1 x86_64 HVM kernel-5.15",
    "hypervisor": "xen",
    "name": "al2022-ami-2022.0.20220728.1-kernel-5.15-x86_64",
    "root_device_name": "/dev/xvda",
    "root_device_type": "ebs",
    "sriov": "simple",
    "virtualization_type": "hvm"
  },
  {
    "architecture": "arm64",
    "ami_id": "ami-0e9271c829888680e",
    "image_location": "amazon/al2022-ami-2022.0.20220728.1-kernel-5.15-arm64",
    "image_type": "machine",
    "public": true,
    "owner_id": "137112412989",
    "platform": "Linux/UNIX",
    "state": "available",
    "description": "Amazon Linux 2022 AMI 2022.0.20220728.1 arm64 HVM kernel-5.15",
    "hypervisor": "xen",
    "name": "al2022-ami-2022.0.20220728.1-kernel-5.15-arm64",
    "root_device_name": "/dev/xvda",
    "root_device_type": "ebs",
    "sriov": "simple",
    "virtualization_type": "hvm"
  },
  {
    "architecture": "x86_64",
    "ami_id": "ami-0b301ce3ce347599c",
    "image_location": "amazon/al2022-ami-2022.0.20220728.1-kernel-5.15-x86_64",
    "image_type": "machine",
    "public": true,
    "owner_id": "137112412989",
    "platform": "Linux/UNIX",
    "state": "available",
    "description": "Amazon Linux 2022 AMI 2022.0.20220728.1 x86_64 HVM kernel-5.15",
    "hypervisor": "xen",
    "name": "al2022-ami-2022.0.20220728.1-kernel-5.15-x86_64",
    "root_device_name": "/dev/xvda",
    "root_device_type": "ebs",
    "sriov": "simple",
    "virtualization_type": "hvm"
  },
  {
    "architecture": "x86_64",
    "ami_id": "ami-0b301ce3ce3475r4f",
    "image_location": "amazon/al2022-ami-2022.0.20220728.1-kernel-6.0-x86_64",
    "image_type": "machine",
    "public": true,
    "owner_id": "137112412989",
    "platform": "Linux/UNIX",
    "state": "available",
    "description": "Test ami for product codes",
    "hypervisor": "xen",
    "name": "product_codes_test",
    "root_device_name": "/dev/xvda",
    "root_device_type": "ebs",
    "sriov": "simple",
    "virtualization_type": "hvm",
    "product_codes": [ "code123", "code456" ]
  }
]