[
  {
    "ami_id": "ami-0119dac82a793018f",
    "architecture": "x86_64",
    "description": "Amazon Linux AMI 2.0.20220921 x86_64 ECS HVM GP2",
    "hypervisor": "xen",
    "image_type": "machine",
    "name": "amzn2-ami-ecs-hvm-2.0.20220921-x86_64-ebs",
    "owner_id": "591542846629",
    "platform": null,
    "public": true,
    "root_device_name": "/dev/xvda",
    "root_device_type": "ebs",
    "sriov": "simple",
    "state": "available",
    "virtualization_type": "hvm"
  },
  {
    "ami_id": "ami-006fed8c744584a66",
    "architecture": "arm64",
    "description": "Amazon Linux AMI 2022.0.20230127 arm64 ECS HVM EBS",
    "hypervisor": "xen",
    "image_type": "machine",
    "name": "al2022-ami-ecs-hvm-2022.0.20230127-kernel-5.15-arm64",
    "owner_id": "591542846629",
    "platform": null,
    "public": true,
    "root_device_name": "/dev/xvda",
    "root_device_type": "ebs",
    "sriov": "simple",
    "state": "available",
    "virtualization_type": "hvm"
  },
  {
    "ami_id": "ami-09501c9961ca54ebc",
    "architecture": "x86_64",
    "description": "Amazon Linux AMI 2.0.20221213 x86_64 ECS HVM GP2",
    "hypervisor": "xen",
    "image_type": "machine",
    "name": "amzn2-ami-ecs-hvm-2.0.20221213-x86_64-ebs",
    "owner_id": "591542846629",
    "platform": null,
    "public": true,
    "root_device_name": "/dev/xvda",
    "root_device_type": "ebs",
    "sriov": "simple",
    "state": "available",
    "virtualization_type": "hvm"
  },
  {
    "ami_id": "ami-0a92594429d4f6fa4",
    "architecture": "x86_64",
    "description": "Amazon Linux AMI 2.0.20210316 x86_64 ECS HVM GP2",
    "hypervisor": "xen",
    "image_type": "machine",
    "name": "amzn2-ami-ecs-hvm-2.0.20210316-x86_64-ebs",
    "owner_id": "591542846629",
    "platform": null,
    "public": true,
    "root_device_name": "/dev/xvda",
    "root_device_type": "ebs",
    "sriov": "simple",
    "state": "available",
    "virtualization_type": "hvm"
  },
  {
    "ami_id": "ami-0fe01b3cba70fff8e",
    "architecture": "x86_64",
    "description": "Amazon Linux AMI 2.0.20220328 x86_64 ECS HVM GP2",
    "hypervisor": "xen",
    "image_type": "machine",
    "name": "amzn2-ami-ecs-gpu-hvm-2.0.20220328-x86_64-ebs",
    "owner_id": "591542846629",
    "platform": null,
    "public": true,
    "root_device_name": "/dev/xvda",
    "root_device_type": "ebs",
    "sriov": "simple",
    "state": "available",
    "virtualization_type": "hvm"
  },
  {
    "ami_id": "ami-090779b3099b1b078",
    "architecture": "x86_64",
    "description": "Amazon Linux AMI 2.0.20220121 x86_64 ECS HVM GP2",
    "hypervisor": "xen",
    "image_type": "machine",
    "name": "amzn2-ami-ecs-hvm-2.0.20220121-x86_64-ebs",
    "owner_id": "591542846629",
    "platform": null,
    "public": true,
    "root_device_name": "/dev/xvda",
    "root_device_type": "ebs",
    "sriov": "simple",
    "state": "available",
    "virtualization_type": "hvm"
  },
  {
    "ami_id": "ami-0a5f2c58ec8627c3d",
    "architecture": "x86_64",
    "description": "Amazon Linux AMI amzn-ami-2018.03.20221010 x86_64 ECS HVM GP2",
    "hypervisor": "xen",
    "image_type": "machine",
    "name": "amzn-ami-2018.03.20221010-amazon-ecs-optimized",
    "owner_id": "591542846629",
    "platform": null,
    "public": true,
    "root_device_name": "/dev/xvda",
    "root_device_type": "ebs",
    "sriov": "simple",
    "state": "available",
    "virtualization_type": "hvm"
  },
  {
    "ami_id": "ami-0e639add1b0f8be3d",
    "architecture": "x86_64",
    "description": "Amazon Linux AMI 2022.0.20220509 x86_64 ECS HVM GP2",
    "hypervisor": "xen",
    "image_type": "machine",
    "name": "al2022-ami-ecs-hvm-2022.0.20220509-x86_64-ebs",
    "owner_id": "591542846629",
    "platform": null,
    "public": true,
    "root_device_name": "/dev/xvda",
    "root_device_type": "ebs",
    "sriov": "simple",
    "state": "available",
    "virtualization_type": "hvm"
  },
  {
    "ami_id": "ami-0ed3d99a3de225cb1",
    "architecture": "x86_64",
    "description": "Amazon Linux AMI 2.0.20230214 Kernel 5.10 x86_64 ECS HVM GP2",
    "hypervisor": "xen",
    "image_type": "machine",
    "name": "amzn2-ami-ecs-kernel-5.10-hvm-2.0.20230214-x86_64-ebs",
    "owner_id": "591542846629",
    "platform": null,
    "public": true,
    "root_device_name": "/dev/xvda",
    "root_device_type": "ebs",
    "sriov": "simple",
    "state": "available",
    "virtualization_type": "hvm"
  },
  {
    "ami_id": "ami-07417d24fd0e47106",
    "architecture": "x86_64",
    "description": "Amazon Linux AMI 2022.0.20230127 x86_64 ECS HVM EBS",
    "hypervisor": "xen",
    "image_type": "machine",
    "name": "al2022-ami-ecs-hvm-2022.0.20230127-kernel-5.15-x86_64",
    "owner_id": "591542846629",
    "platform": null,
    "public": true,
    "root_device_name": "/dev/xvda",
    "root_device_type": "ebs",
    "sriov": "simple",
    "state": "available",
    "virtualization_type": "hvm"
  },
  {
    "ami_id": "ami-07ca5f9e47ce61844",
    "architecture": "arm64",
    "description": "Amazon Linux AMI 2.0.20221115 arm64 ECS HVM GP2",
    "hypervisor": "xen",
    "image_type": "machine",
    "name": "amzn2-ami-ecs-hvm-2.0.20221115-arm64-ebs",
    "owner_id": "591542846629",
    "platform": null,
    "public": true,
    "root_device_name": "/dev/xvda",
    "root_device_type": "ebs",
    "sriov": "simple",
    "state": "available",
    "virtualization_type": "hvm"
  },
  {
    "ami_id": "ami-0d67b3c5835bec2aa",
    "architecture": "x86_64",
    "description": "Amazon Linux AMI 2.0.20210210 x86_64 ECS HVM GP2",
    "hypervisor": "xen",
    "image_type": "machine",
    "name": "amzn2-ami-ecs-hvm-2.0.20210210-x86_64-ebs",
    "owner_id": "591542846629",
    "platform": null,
    "public": true,
    "root_device_name": "/dev/xvda",
    "root_device_type": "ebs",
    "sriov": "simple",
    "state": "available",
    "virtualization_type": "hvm"
  },
  {
    "ami_id": "ami-0264124905594e76f",
    "architecture": "x86_64",
    "description": "Amazon Linux AMI amzn-ami-2018.03.20220318 x86_64 ECS HVM GP2",
    "hypervisor": "xen",
    "image_type": "machine",
    "name": "amzn-ami-2018.03.20220318-amazon-ecs-optimized",
    "owner_id": "591542846629",
    "platform": null,
    "public": true,
    "root_device_name": "/dev/xvda",
    "root_device_type": "ebs",
    "sriov": "simple",
    "state": "available",
    "virtualization_type": "hvm"
  },
  {
    "ami_id": "ami-09ce8fd7d2dca9a34",
    "architecture": "x86_64",
    "description": "Amazon Linux AMI 2.0.20220304 x86_64 ECS HVM GP2",
    "hypervisor": "xen",
    "image_type": "machine",
    "name": "amzn2-ami-ecs-hvm-2.0.20220304-x86_64-ebs",
    "owner_id": "591542846629",
    "platform": null,
    "public": true,
    "root_device_name": "/dev/xvda",
    "root_device_type": "ebs",
    "sriov": "simple",
    "state": "available",
    "virtualization_type": "hvm"
  },
  {
    "ami_id": "ami-0ab0b05a2870ee2fb",
    "architecture": "x86_64",
    "description": "Amazon Linux AMI amzn-ami-2018.03.20210519 x86_64 ECS HVM GP2",
    "hypervisor": "xen",
    "image_type": "machine",
    "name": "amzn-ami-2018.03.20210519-amazon-ecs-optimized",
    "owner_id": "591542846629",
    "platform": null,
    "public": true,
    "root_device_name": "/dev/xvda",
    "root_device_type": "ebs",
    "sriov": "simple",
    "state": "available",
    "virtualization_type": "hvm"
  },
  {
    "ami_id": "ami-0569b7f3189a3ec52",
    "architecture": "x86_64",
    "description": "Amazon Linux AMI 2.0.20221010 x86_64 ECS HVM GP2",
    "hypervisor": "xen",
    "image_type": "machine",
    "name": "amzn2-ami-ecs-hvm-2.0.20221010-x86_64-ebs",
    "owner_id": "591542846629",
    "platform": null,
    "public": true,
    "root_device_name": "/dev/xvda",
    "root_device_type": "ebs",
    "sriov": "simple",
    "state": "available",
    "virtualization_type": "hvm"
  },
  {
    "ami_id": "ami-0b7d8155e0e9fa1b4",
    "architecture": "x86_64",
    "description": "Amazon Linux AMI amzn-ami-2018.03.20210915 x86_64 ECS HVM GP2",
    "hypervisor": "xen",
    "image_type": "machine",
    "name": "amzn-ami-2018.03.20210915-amazon-ecs-optimized",
    "owner_id": "591542846629",
    "platform": null,
    "public": true,
    "root_device_name": "/dev/xvda",
    "root_device_type": "ebs",
    "sriov": "simple",
    "state": "available",
    "virtualization_type": "hvm"
  },
  {
    "ami_id": "ami-099544db0f121dcb2",
    "architecture": "x86_64",
    "description": "Amazon Linux AMI 2.0.20220421 x86_64 ECS HVM GP2",
    "hypervisor": "xen",
    "image_type": "machine",
    "name": "amzn2-ami-ecs-gpu-hvm-2.0.20220421-x86_64-ebs",
    "owner_id": "591542846629",
    "platform": null,
    "public": true,
    "root_device_name": "/dev/xvda",
    "root_device_type": "ebs",
    "sriov": "simple",
    "state": "available",
    "virtualization_type": "hvm"
  },
  {
    "ami_id": "ami-014f8e78a05c1762a",
    "architecture": "x86_64",
    "description": "Amazon Linux AMI amzn-ami-2018.03.20201013 x86_64 ECS HVM GP2",
    "hypervisor": "xen",
    "image_type": "machine",
    "name": "amzn-ami-2018.03.20201013-amazon-ecs-optimized",
    "owner_id": "591542846629",
    "platform": null,
    "public": true,
    "root_device_name": "/dev/xvda",
    "root_device_type": "ebs",
    "sriov": "simple",
    "state": "available",
    "virtualization_type": "hvm"
  },
  {
    "ami_id": "ami-09c6941b646f4bbd8",
    "architecture": "x86_64",
    "description": "Amazon Linux AMI 2.0.20210504 x86_64 ECS HVM GP2",
    "hypervisor": "xen",
    "image_type": "machine",
    "name": "amzn2-ami-ecs-hvm-2.0.20210504-x86_64-ebs",
    "owner_id": "591542846629",
    "platform": null,
    "public": true,
    "root_device_name": "/dev/xvda",
    "root_device_type": "ebs",
    "sriov": "simple",
    "state": "available",
    "virtualization_type": "hvm"
  },
  {
    "ami_id": "ami-0d01cef2f87dc5027",
    "architecture": "x86_64",
    "description": "Amazon Linux AMI 2.0.20201013 x86_64 ECS HVM GP2",
    "hypervisor": "xen",
    "image_type": "machine",
    "name": "amzn2-ami-ecs-hvm-2.0.20201013-x86_64-ebs",
    "owner_id": "591542846629",
    "platform": null,
    "public": true,
    "root_device_name": "/dev/xvda",
    "root_device_type": "ebs",
    "sriov": "simple",
    "state": "available",
    "virtualization_type": "hvm"
  },
  {
    "ami_id": "ami-0640ef404e5db9024",
    "architecture": "arm64",
    "description": "Amazon Linux AMI 2.0.20230127 Kernel 5.10 arm64 ECS HVM GP2",
    "hypervisor": "xen",
    "image_type": "machine",
    "name": "amzn2-ami-ecs-kernel-5.10-hvm-2.0.20230127-arm64-ebs",
    "owner_id": "591542846629",
    "platform": null,
    "public": true,
    "root_device_name": "/dev/xvda",
    "root_device_type": "ebs",
    "sriov": "simple",
    "state": "available",
    "virtualization_type": "hvm"
  },
  {
    "ami_id": "ami-0ef0ac37327db1dda",
    "architecture": "x86_64",
    "description": "Amazon Linux AMI amzn-ami-2018.03.20220121 x86_64 ECS HVM GP2",
    "hypervisor": "xen",
    "image_type": "machine",
    "name": "amzn-ami-2018.03.20220121-amazon-ecs-optimized",
    "owner_id": "591542846629",
    "platform": null,
    "public": true,
    "root_device_name": "/dev/xvda",
    "root_device_type": "ebs",
    "sriov": "simple",
    "state": "available",
    "virtualization_type": "hvm"
  },
  {
    "ami_id": "ami-07fc04e1ec76b272d",
    "architecture": "x86_64",
    "description": "Amazon Linux AMI 2.0.20230109 x86_64 ECS HVM GP2",
    "hypervisor": "xen",
    "image_type": "machine",
    "name": "amzn2-ami-ecs-gpu-hvm-2.0.20230109-x86_64-ebs",
    "owner_id": "591542846629",
    "platform": null,
    "public": true,
    "root_device_name": "/dev/xvda",
    "root_device_type": "ebs",
    "sriov": "simple",
    "state": "available",
    "virtualization_type": "hvm"
  },
  {
    "ami_id": "ami-02d358004635cea15",
    "architecture": "x86_64",
    "description": "Amazon Linux AMI 2.0.20211120 x86_64 ECS HVM GP2",
    "hypervisor": "xen",
    "image_type": "machine",
    "name": "amzn2-ami-ecs-hvm-2.0.20211120-x86_64-ebs",
    "owner_id": "591542846629",
    "platform": null,
    "public": true,
    "root_device_name": "/dev/xvda",
    "root_device_type": "ebs",
    "sriov": "simple",
    "state": "available",
    "virtualization_type": "hvm"
  },
  {
    "ami_id": "ami-0ab9b78e1da88a1c2",
    "architecture": "x86_64",
    "description": "Amazon Linux AMI 2.0.20210819 x86_64 ECS HVM GP2",
    "hypervisor": "xen",
    "image_type": "machine",
    "name": "amzn2-ami-ecs-hvm-2.0.20210819-x86_64-ebs",
    "owner_id": "591542846629",
    "platform": null,
    "public": true,
    "root_device_name": "/dev/xvda",
    "root_device_type": "ebs",
    "sriov": "simple",
    "state": "available",
    "virtualization_type": "hvm"
  },
  {
    "ami_id": "ami-082a09cec110d220e",
    "architecture": "x86_64",
    "description": "Amazon Linux AMI 2.0.20220822 x86_64 ECS HVM GP2",
    "hypervisor": "xen",
    "image_type": "machine",
    "name": "amzn2-ami-ecs-gpu-hvm-2.0.20220822-x86_64-ebs",
    "owner_id": "591542846629",
    "platform": null,
    "public": true,
    "root_device_name": "/dev/xvda",
    "root_device_type": "ebs",
    "sriov": "simple",
    "state": "available",
    "virtualization_type": "hvm"
  },
  {
    "ami_id": "ami-026c028680f721a43",
    "architecture": "x86_64",
    "description": "Amazon Linux AMI amzn-ami-2018.03.20220209 x86_64 ECS HVM GP2",
    "hypervisor": "xen",
    "image_type": "machine",
    "name": "amzn-ami-2018.03.20220209-amazon-ecs-optimized",
    "owner_id": "591542846629",
    "platform": null,
    "public": true,
    "root_device_name": "/dev/xvda",
    "root_device_type": "ebs",
    "sriov": "simple",
    "state": "available",
    "virtualization_type": "hvm"
  },
  {
    "ami_id": "ami-0fb7b1f5a3c7ae431",
    "architecture": "x86_64",
    "description": "Amazon Linux AMI amzn-ami-2018.03.20221115 x86_64 ECS HVM GP2",
    "hypervisor": "xen",
    "image_type": "machine",
    "name": "amzn-ami-2018.03.20221115-amazon-ecs-optimized",
    "owner_id": "591542846629",
    "platform": null,
    "public": true,
    "root_device_name": "/dev/xvda",
    "root_device_type": "ebs",
    "sriov": "simple",
    "state": "available",
    "virtualization_type": "hvm"
  },
  {
    "ami_id": "ami-023a681c46304ef3f",
    "architecture": "x86_64",
    "description": "Amazon Linux AMI 2.0.20210428 x86_64 ECS HVM GP2",
    "hypervisor": "xen",
    "image_type": "machine",
    "name": "amzn2-ami-ecs-hvm-2.0.20210428-x86_64-ebs",
    "owner_id": "591542846629",
    "platform": null,
    "public": true,
    "root_device_name": "/dev/xvda",
    "root_device_type": "ebs",
    "sriov": "simple",
    "state": "available",
    "virtualization_type": "hvm"
  },
  {
    "ami_id": "ami-03f7625302993acb8",
    "architecture": "x86_64",
    "description": "Amazon Linux AMI 2.0.20210202 x86_64 ECS HVM GP2",
    "hypervisor": "xen",
    "image_type": "machine",
    "name": "amzn2-ami-ecs-hvm-2.0.20210202-x86_64-ebs",
    "owner_id": "591542846629",
    "platform": null,
    "public": true,
    "root_device_name": "/dev/xvda",
    "root_device_type": "ebs",
    "sriov": "simple",
    "state": "available",
    "virtualization_type": "hvm"
  },
  {
    "ami_id": "ami-01cfacad3993a7b1f",
    "architecture": "x86_64",
    "description": "Amazon Linux AMI 2022.0.20221230 x86_64 ECS HVM EBS",
    "hypervisor": "xen",
    "image_type": "machine",
    "name": "al2022-ami-ecs-hvm-2022.0.20221230-kernel-5.15-x86_64",
    "owner_id": "591542846629",
    "platform": null,
    "public": true,
    "root_device_name": "/dev/xvda",
    "root_device_type": "ebs",
    "sriov": "simple",
    "state": "available",
    "virtualization_type": "hvm"
  },
  {
    "ami_id": "ami-0885b03d8b9541b50",
    "architecture": "x86_64",
    "description": "Amazon Linux AMI 2022.0.20220627 x86_64 ECS HVM GP2",
    "hypervisor": "xen",
    "image_type": "machine",
    "name": "al2022-ami-ecs-hvm-2022.0.20220627-x86_64-ebs",
    "owner_id": "591542846629",
    "platform": null,
    "public": true,
    "root_device_name": "/dev/xvda",
    "root_device_type": "ebs",
    "sriov": "simple",
    "state": "available",
    "virtualization_type": "hvm"
  },
  {
    "ami_id": "ami-096e804bf3f09cd3b",
    "architecture": "x86_64",
    "description": "Amazon Linux AMI 2.0.20201209 x86_64 ECS HVM GP2",
    "hypervisor": "xen",
    "image_type": "machine",
    "name": "amzn2-ami-ecs-hvm-2.0.20201209-x86_64-ebs",
    "owner_id": "591542846629",
    "platform": null,
    "public": true,
    "root_device_name": "/dev/xvda",
    "root_device_type": "ebs",
    "sriov": "simple",
    "state": "available",
    "virtualization_type": "hvm"
  },
  {
    "ami_id": "ami-0a62b4efa52d9883d",
    "architecture": "x86_64",
    "description": "Amazon Linux AMI 2.0.20220831 x86_64 ECS HVM GP2",
    "hypervisor": "xen",
    "image_type": "machine",
    "name": "amzn2-ami-ecs-hvm-2.0.20220831-x86_64-ebs",
    "owner_id": "591542846629",
    "platform": null,
    "public": true,
    "root_device_name": "/dev/xvda",
    "root_device_type": "ebs",
    "sriov": "simple",
    "state": "available",
    "virtualization_type": "hvm"
  },
  {
    "ami_id": "ami-032f2338c4f72ef8a",
    "architecture": "arm64",
    "description": "Amazon Linux AMI 2.0.20221118 arm64 ECS HVM GP2",
    "hypervisor": "xen",
    "image_type": "machine",
    "name": "amzn2-ami-ecs-hvm-2.0.20221118-arm64-ebs",
    "owner_id": "591542846629",
    "platform": null,
    "public": true,
    "root_device_name": "/dev/xvda",
    "root_device_type": "ebs",
    "sriov": "simple",
    "state": "available",
    "virtualization_type": "hvm"
  },
  {
    "ami_id": "ami-09f00183533a6c88f",
    "architecture": "x86_64",
    "description": "Amazon Linux AMI 2.0.20210219 x86_64 ECS HVM GP2",
    "hypervisor": "xen",
    "image_type": "machine",
    "name": "amzn2-ami-ecs-hvm-2.0.20210219-x86_64-ebs",
    "owner_id": "591542846629",
    "platform": null,
    "public": true,
    "root_device_name": "/dev/xvda",
    "root_device_type": "ebs",
    "sriov": "simple",
    "state": "available",
    "virtualization_type": "hvm"
  },
  {
    "ami_id": "ami-072de34b38f3204cf",
    "architecture": "x86_64",
    "description": "Amazon Linux AMI 2.0.20221230 x86_64 ECS HVM GP2",
    "hypervisor": "xen",
    "image_type": "machine",
    "name": "amzn2-ami-ecs-hvm-2.0.20221230-x86_64-ebs",
    "owner_id": "591542846629",
    "platform": null,
    "public": true,
    "root_device_name": "/dev/xvda",
    "root_device_type": "ebs",
    "sriov": "simple",
    "state": "available",
    "virtualization_type": "hvm"
  },
  {
    "ami_id": "ami-057d97c4d7067f07d",
    "architecture": "x86_64",
    "description": "Amazon Linux AMI 2.0.20210331 x86_64 ECS HVM GP2",
    "hypervisor": "xen",
    "image_type": "machine",
    "name": "amzn2-ami-ecs-hvm-2.0.20210331-x86_64-ebs",
    "owner_id": "591542846629",
    "platform": null,
    "public": true,
    "root_device_name": "/dev/xvda",
    "root_device_type": "ebs",
    "sriov": "simple",
    "state": "available",
    "virtualization_type": "hvm"
  },
  {
    "ami_id": "ami-09f21ee289eeddda6",
    "architecture": "x86_64",
    "description": "Amazon Linux AMI 2.0.20230127 x86_64 ECS HVM GP2",
    "hypervisor": "xen",
    "image_type": "machine",
    "name": "amzn2-ami-ecs-gpu-hvm-2.0.20230127-x86_64-ebs",
    "owner_id": "591542846629",
    "platform": null,
    "public": true,
    "root_device_name": "/dev/xvda",
    "root_device_type": "ebs",
    "sriov": "simple",
    "state": "available",
    "virtualization_type": "hvm"
  },
  {
    "ami_id": "ami-00421b07b78081852",
    "architecture": "arm64",
    "description": "Amazon Linux AMI 2022.0.20221102 arm64 ECS HVM EBS",
    "hypervisor": "xen",
    "image_type": "machine",
    "name": "al2022-ami-ecs-hvm-2022.0.20221102-kernel-5.15-arm64",
    "owner_id": "591542846629",
    "platform": null,
    "public": true,
    "root_device_name": "/dev/xvda",
    "root_device_type": "ebs",
    "sriov": "simple",
    "state": "available",
    "virtualization_type": "hvm"
  },
  {
    "ami_id": "ami-00d283c3ef04ad2ca",
    "architecture": "x86_64",
    "description": "Amazon Linux AMI 2.0.20230109 Kernel 5.10 x86_64 ECS HVM GP2",
    "hypervisor": "xen",
    "image_type": "machine",
    "name": "amzn2-ami-ecs-kernel-5.10-hvm-2.0.20230109-x86_64-ebs",
    "owner_id": "591542846629",
    "platform": null,
    "public": true,
    "root_device_name": "/dev/xvda",
    "root_device_type": "ebs",
    "sriov": "simple",
    "state": "available",
    "virtualization_type": "hvm"
  },
  {
    "ami_id": "ami-05197fea5cad885c8",
    "architecture": "x86_64",
    "description": "Amazon Linux AMI 2.0.20210301 x86_64 ECS HVM GP2",
    "hypervisor": "xen",
    "image_type": "machine",
    "name": "amzn2-ami-ecs-hvm-2.0.20210301-x86_64-ebs",
    "owner_id": "591542846629",
    "platform": null,
    "public": true,
    "root_device_name": "/dev/xvda",
    "root_device_type": "ebs",
    "sriov": "simple",
    "state": "available",
    "virtualization_type": "hvm"
  },
  {
    "ami_id": "ami-0839938c939938f18",
    "architecture": "arm64",
    "description": "Amazon Linux AMI 2.0.20221213 arm64 ECS HVM GP2",
    "hypervisor": "xen",
    "image_type": "machine",
    "name": "amzn2-ami-ecs-hvm-2.0.20221213-arm64-ebs",
    "owner_id": "591542846629",
    "platform": null,
    "public": true,
    "root_device_name": "/dev/xvda",
    "root_device_type": "ebs",
    "sriov": "simple",
    "state": "available",
    "virtualization_type": "hvm"
  },
  {
    "ami_id": "ami-02b29fee7d2973f29",
    "architecture": "x86_64",
    "description": "Amazon Linux AMI 2.0.20220411 x86_64 ECS HVM GP2",
    "hypervisor": "xen",
    "image_type": "machine",
    "name": "amzn2-ami-ecs-gpu-hvm-2.0.20220411-x86_64-ebs",
    "owner_id": "591542846629",
    "platform": null,
    "public": true,
    "root_device_name": "/dev/xvda",
    "root_device_type": "ebs",
    "sriov": "simple",
    "state": "available",
    "virtualization_type": "hvm"
  },
  {
    "ami_id": "ami-0fb08ae71507b5f91",
    "architecture": "x86_64",
    "description": "Amazon Linux AMI 2.0.20210520 x86_64 ECS HVM GP2",
    "hypervisor": "xen",
    "image_type": "machine",
    "name": "amzn2-ami-ecs-hvm-2.0.20210520-x86_64-ebs",
    "owner_id": "591542846629",
    "platform": null,
    "public": true,
    "root_device_name": "/dev/xvda",
    "root_device_type": "ebs",
    "sriov": "simple",
    "state": "available",
    "virtualization_type": "hvm"
  },
  {
    "ami_id": "ami-054ab19b29cc1f661",
    "architecture": "x86_64",
    "description": "Amazon Linux AMI 2.0.20221207 x86_64 ECS HVM GP2",
    "hypervisor": "xen",
    "image_type": "machine",
    "name": "amzn2-ami-ecs-hvm-2.0.20221207-x86_64-ebs",
    "owner_id": "591542846629",
    "platform": null,
    "public": true,
    "root_device_name": "/dev/xvda",
    "root_device_type": "ebs",
    "sriov": "simple",
    "state": "available",
    "virtualization_type": "hvm"
  },
  {
    "ami_id": "ami-076672d8d1177c3c7",
    "architecture": "x86_64",
    "description": "Amazon Linux AMI 2.0.20220421 x86_64 ECS HVM GP2",
    "hypervisor": "xen",
    "image_type": "machine",
    "name": "amzn2-ami-ecs-hvm-2.0.20220421-x86_64-ebs",
    "owner_id": "591542846629",
    "platform": null,
    "public": true,
    "root_device_name": "/dev/xvda",
    "root_device_type": "ebs",
    "sriov": "simple",
    "state": "available",
    "virtualization_type": "hvm"
  },
  {
    "ami_id": "ami-0db1f5991b7658e55",
    "architecture": "x86_64",
    "description": "Amazon Linux AMI 2.0.20211013 x86_64 ECS HVM GP2",
    "hypervisor": "xen",
    "image_type": "machine",
    "name": "amzn2-ami-ecs-hvm-2.0.20211013-x86_64-ebs",
    "owner_id": "591542846629",
    "platform": null,
    "public": true,
    "root_device_name": "/dev/xvda",
    "root_device_type": "ebs",
    "sriov": "simple",
    "state": "available",
    "virtualization_type": "hvm"
  },
  {
    "ami_id": "ami-0e10da9a05856f723",
    "architecture": "x86_64",
    "description": "Amazon Linux AMI amzn-ami-2018.03.20210301 x86_64 ECS HVM GP2",
    "hypervisor": "xen",
    "image_type": "machine",
    "name": "amzn-ami-2018.03.20210301-amazon-ecs-optimized",
    "owner_id": "591542846629",
    "platform": null,
    "public": true,
    "root_device_name": "/dev/xvda",
    "root_device_type": "ebs",
    "sriov": "simple",
    "state": "available",
    "virtualization_type": "hvm"
  },
  {
    "ami_id": "ami-0377c27314dab3e41",
    "architecture": "x86_64",
    "description": "Amazon Linux AMI 2.0.20220209 x86_64 ECS HVM GP2",
    "hypervisor": "xen",
    "image_type": "machine",
    "name": "amzn2-ami-ecs-hvm-2.0.20220209-x86_64-ebs",
    "owner_id": "591542846629",
    "platform": null,
    "public": true,
    "root_device_name": "/dev/xvda",
    "root_device_type": "ebs",
    "sriov": "simple",
    "state": "available",
    "virtualization_type": "hvm"
  },
  {
    "ami_id": "ami-02913056c9723881e",
    "architecture": "arm64",
    "description": "Amazon Linux AMI 2.0.20220921 arm64 ECS HVM GP2",
    "hypervisor": "xen",
    "image_type": "machine",
    "name": "amzn2-ami-ecs-hvm-2.0.20220921-arm64-ebs",
    "owner_id": "591542846629",
    "platform": null,
    "public": true,
    "root_device_name": "/dev/xvda",
    "root_device_type": "ebs",
    "sriov": "simple",
    "state": "available",
    "virtualization_type": "hvm"
  },
  {
    "ami_id": "ami-0beba7dd29d72a203",
    "architecture": "x86_64",
    "description": "Amazon Linux AMI 2.0.20210413 x86_64 ECS HVM GP2",
    "hypervisor": "xen",
    "image_type": "machine",
    "name": "amzn2-ami-ecs-hvm-2.0.20210413-x86_64-ebs",
    "owner_id": "591542846629",
    "platform": null,
    "public": true,
    "root_device_name": "/dev/xvda",
    "root_device_type": "ebs",
    "sriov": "simple",
    "state": "available",
    "virtualization_type": "hvm"
  },
  {
    "ami_id": "ami-032dbaf2984cc6db7",
    "architecture": "arm64",
    "description": "Amazon Linux AMI 2.0.20220831 arm64 ECS HVM GP2",
    "hypervisor": "xen",
    "image_type": "machine",
    "name": "amzn2-ami-ecs-hvm-2.0.20220831-arm64-ebs",
    "owner_id": "591542846629",
    "platform": null,
    "public": true,
    "root_device_name": "/dev/xvda",
    "root_device_type": "ebs",
    "sriov": "simple",
    "state": "available",
    "virtualization_type": "hvm"
  },
  {
    "ami_id": "ami-0eed98dfb76a6eb00",
    "architecture": "x86_64",
    "description": "Amazon Linux AMI 2.0.20220630 x86_64 ECS HVM GP2",
    "hypervisor": "xen",
    "image_type": "machine",
    "name": "amzn2-ami-ecs-hvm-2.0.20220630-x86_64-ebs",
    "owner_id": "591542846629",
    "platform": null,
    "public": true,
    "root_device_name": "/dev/xvda",
    "root_device_type": "ebs",
    "sriov": "simple",
    "state": "available",
    "virtualization_type": "hvm"
  },
  {
    "ami_id": "ami-0a1eada8d2e5775a7",
    "architecture": "x86_64",
    "description": "Amazon Linux AMI amzn-ami-2018.03.20201125 x86_64 ECS HVM GP2",
    "hypervisor": "xen",
    "image_type": "machine",
    "name": "amzn-ami-2018.03.20201125-amazon-ecs-optimized",
    "owner_id": "591542846629",
    "platform": null,
    "public": true,
    "root_device_name": "/dev/xvda",
    "root_device_type": "ebs",
    "sriov": "simple",
    "state": "available",
    "virtualization_type": "hvm"
  },
  {
    "ami_id": "ami-020a61e78cd32e6b7",
    "architecture": "x86_64",
    "description": "Amazon Linux AMI amzn-ami-2018.03.20210219 x86_64 ECS HVM GP2",
    "hypervisor": "xen",
    "image_type": "machine",
    "name": "amzn-ami-2018.03.20210219-amazon-ecs-optimized",
    "owner_id": "591542846629",
    "platform": null,
    "public": true,
    "root_device_name": "/dev/xvda",
    "root_device_type": "ebs",
    "sriov": "simple",
    "state": "available",
    "virtualization_type": "hvm"
  },
  {
    "ami_id": "ami-0a3101d12fd1ae1cc",
    "architecture": "x86_64",
    "description": "Amazon Linux AMI 2.0.20230109 x86_64 ECS HVM GP2",
    "hypervisor": "xen",
    "image_type": "machine",
    "name": "amzn2-ami-ecs-hvm-2.0.20230109-x86_64-ebs",
    "owner_id": "591542846629",
    "platform": null,
    "public": true,
    "root_device_name": "/dev/xvda",
    "root_device_type": "ebs",
    "sriov": "simple",
    "state": "available",
    "virtualization_type": "hvm"
  },
  {
    "ami_id": "ami-009b7019d5b2dd52e",
    "architecture": "x86_64",
    "description": "Amazon Linux AMI amzn-ami-2018.03.20210413 x86_64 ECS HVM GP2",
    "hypervisor": "xen",
    "image_type": "machine",
    "name": "amzn-ami-2018.03.20210413-amazon-ecs-optimized",
    "owner_id": "591542846629",
    "platform": null,
    "public": true,
    "root_device_name": "/dev/xvda",
    "root_device_type": "ebs",
    "sriov": "simple",
    "state": "available",
    "virtualization_type": "hvm"
  },
  {
    "ami_id": "ami-0f8dee81a5ac81470",
    "architecture": "x86_64",
    "description": "Amazon Linux AMI 2.0.20201119 x86_64 ECS HVM GP2",
    "hypervisor": "xen",
    "image_type": "machine",
    "name": "amzn2-ami-ecs-hvm-2.0.20201119-x86_64-ebs",
    "owner_id": "591542846629",
    "platform": null,
    "public": true,
    "root_device_name": "/dev/xvda",
    "root_device_type": "ebs",
    "sriov": "simple",
    "state": "available",
    "virtualization_type": "hvm"
  },
  {
    "ami_id": "ami-0df6788c871586a57",
    "architecture": "x86_64",
    "description": "Amazon Linux AMI 2.0.20211103 x86_64 ECS HVM GP2",
    "hypervisor": "xen",
    "image_type": "machine",
    "name": "amzn2-ami-ecs-hvm-2.0.20211103-x86_64-ebs",
    "owner_id": "591542846629",
    "platform": null,
    "public": true,
    "root_device_name": "/dev/xvda",
    "root_device_type": "ebs",
    "sriov": "simple",
    "state": "available",
    "virtualization_type": "hvm"
  },
  {
    "ami_id": "ami-03118c618130d91ba",
    "architecture": "x86_64",
    "description": "Amazon Linux AMI amzn-ami-2018.03.20201209 x86_64 ECS HVM GP2",
    "hypervisor": "xen",
    "image_type": "machine",
    "name": "amzn-ami-2018.03.20201209-amazon-ecs-optimized",
    "owner_id": "591542846629",
    "platform": null,
    "public": true,
    "root_device_name": "/dev/xvda",
    "root_device_type": "ebs",
    "sriov": "simple",
    "state": "available",
    "virtualization_type": "hvm"
  },
  {
    "ami_id": "ami-09c5400d877bf15ad",
    "architecture": "arm64",
    "description": "Amazon Linux AMI 2.0.20230127 arm64 ECS HVM GP2",
    "hypervisor": "xen",
    "image_type": "machine",
    "name": "amzn2-ami-ecs-hvm-2.0.20230127-arm64-ebs",
    "owner_id": "591542846629",
    "platform": null,
    "public": true,
    "root_device_name": "/dev/xvda",
    "root_device_type": "ebs",
    "sriov": "simple",
    "state": "available",
    "virtualization_type": "hvm"
  },
  {
    "ami_id": "ami-0d503d3959d26f50f",
    "architecture": "x86_64",
    "description": "Amazon Linux AMI 2.0.20230214 x86_64 ECS HVM GP2",
    "hypervisor": "xen",
    "image_type": "machine",
    "name": "amzn2-ami-ecs-hvm-2.0.20230214-x86_64-ebs",
    "owner_id": "591542846629",
    "platform": null,
    "public": true,
    "root_device_name": "/dev/xvda",
    "root_device_type": "ebs",
    "sriov": "simple",
    "state": "available",
    "virtualization_type": "hvm"
  },
  {
    "ami_id": "ami-05702551ecd3d7130",
    "architecture": "x86_64",
    "description": "Amazon Linux AMI 2.0.20220304 x86_64 ECS HVM GP2",
    "hypervisor": "xen",
    "image_type": "machine",
    "name": "amzn2-ami-ecs-gpu-hvm-2.0.20220304-x86_64-ebs",
    "owner_id": "591542846629",
    "platform": null,
    "public": true,
    "root_device_name": "/dev/xvda",
    "root_device_type": "ebs",
    "sriov": "simple",
    "state": "available",
    "virtualization_type": "hvm"
  },
  {
    "ami_id": "ami-06357ea14edae4886",
    "architecture": "x86_64",
    "description": "Amazon Linux AMI 2.0.20210106 x86_64 ECS HVM GP2",
    "hypervisor": "xen",
    "image_type": "machine",
    "name": "amzn2-ami-ecs-hvm-2.0.20210106-x86_64-ebs",
    "owner_id": "591542846629",
    "platform": null,
    "public": true,
    "root_device_name": "/dev/xvda",
    "root_device_type": "ebs",
    "sriov": "simple",
    "state": "available",
    "virtualization_type": "hvm"
  },
  {
    "ami_id": "ami-0ccea5e094e6329d2",
    "architecture": "arm64",
    "description": "Amazon Linux AMI 2.0.20230109 Kernel 5.10 arm64 ECS HVM GP2",
    "hypervisor": "xen",
    "image_type": "machine",
    "name": "amzn2-ami-ecs-kernel-5.10-hvm-2.0.20230109-arm64-ebs",
    "owner_id": "591542846629",
    "platform": null,
    "public": true,
    "root_device_name": "/dev/xvda",
    "root_device_type": "ebs",
    "sriov": "simple",
    "state": "available",
    "virtualization_type": "hvm"
  },
  {
    "ami_id": "ami-0fd48c913e53119a1",
    "architecture": "x86_64",
    "description": "Amazon Linux AMI 2.0.20210805 x86_64 ECS HVM GP2",
    "hypervisor": "xen",
    "image_type": "machine",
    "name": "amzn2-ami-ecs-hvm-2.0.20210805-x86_64-ebs",
    "owner_id": "591542846629",
    "platform": null,
    "public": true,
    "root_device_name": "/dev/xvda",
    "root_device_type": "ebs",
    "sriov": "simple",
    "state": "available",
    "virtualization_type": "hvm"
  },
  {
    "ami_id": "ami-04e90ea34a9e37d84",
    "architecture": "x86_64",
    "description": "Amazon Linux AMI 2.0.20221207 x86_64 ECS HVM GP2",
    "hypervisor": "xen",
    "image_type": "machine",
    "name": "amzn2-ami-ecs-gpu-hvm-2.0.20221207-x86_64-ebs",
    "owner_id": "591542846629",
    "platform": null,
    "public": true,
    "root_device_name": "/dev/xvda",
    "root_device_type": "ebs",
    "sriov": "simple",
    "state": "available",
    "virtualization_type": "hvm"
  },
  {
    "ami_id": "ami-0c5bcfef24a8a8c8e",
    "architecture": "x86_64",
    "description": "Amazon Linux AMI 2.0.20201125 x86_64 ECS HVM GP2",
    "hypervisor": "xen",
    "image_type": "machine",
    "name": "amzn2-ami-ecs-hvm-2.0.20201125-x86_64-ebs",
    "owner_id": "591542846629",
    "platform": null,
    "public": true,
    "root_device_name": "/dev/xvda",
    "root_device_type": "ebs",
    "sriov": "simple",
    "state": "available",
    "virtualization_type": "hvm"
  },
  {
    "ami_id": "ami-025db54f56fda879d",
    "architecture": "x86_64",
    "description": "Amazon Linux AMI 2.0.20210929 x86_64 ECS HVM GP2",
    "hypervisor": "xen",
    "image_type": "machine",
    "name": "amzn2-ami-ecs-hvm-2.0.20210929-x86_64-ebs",
    "owner_id": "591542846629",
    "platform": null,
    "public": true,
    "root_device_name": "/dev/xvda",
    "root_device_type": "ebs",
    "sriov": "simple",
    "state": "available",
    "virtualization_type": "hvm"
  },
  {
    "ami_id": "ami-0debaaf41a8a02bc4",
    "architecture": "x86_64",
    "description": "Amazon Linux AMI 2.0.20210723 x86_64 ECS HVM GP2",
    "hypervisor": "xen",
    "image_type": "machine",
    "name": "amzn2-ami-ecs-hvm-2.0.20210723-x86_64-ebs",
    "owner_id": "591542846629",
    "platform": null,
    "public": true,
    "root_device_name": "/dev/xvda",
    "root_device_type": "ebs",
    "sriov": "simple",
    "state": "available",
    "virtualization_type": "hvm"
  },
  {
    "ami_id": "ami-0680e495421272103",
    "architecture": "x86_64",
    "description": "Amazon Linux AMI amzn-ami-2018.03.20201119 x86_64 ECS HVM GP2",
    "hypervisor": "xen",
    "image_type": "machine",
    "name": "amzn-ami-2018.03.20201119-amazon-ecs-optimized",
    "owner_id": "591542846629",
    "platform": null,
    "public": true,
    "root_device_name": "/dev/xvda",
    "root_device_type": "ebs",
    "sriov": "simple",
    "state": "available",
    "virtualization_type": "hvm"
  },
  {
    "ami_id": "ami-0090746298bb21d4d",
    "architecture": "x86_64",
    "description": "Amazon Linux AMI 2.0.20220209 x86_64 ECS HVM GP2",
    "hypervisor": "xen",
    "image_type": "machine",
    "name": "amzn2-ami-ecs-gpu-hvm-2.0.20220209-x86_64-ebs",
    "owner_id": "591542846629",
    "platform": null,
    "public": true,
    "root_device_name": "/dev/xvda",
    "root_device_type": "ebs",
    "sriov": "simple",
    "state": "available",
    "virtualization_type": "hvm"
  },
  {
    "ami_id": "ami-0f060046098696c87",
    "architecture": "x86_64",
    "description": "Amazon Linux AMI 2022.0.20220607 x86_64 ECS HVM GP2",
    "hypervisor": "xen",
    "image_type": "machine",
    "name": "al2022-ami-ecs-hvm-2022.0.20220607-x86_64-ebs",
    "owner_id": "591542846629",
    "platform": null,
    "public": true,
    "root_device_name": "/dev/xvda",
    "root_device_type": "ebs",
    "sriov": "simple",
    "state": "available",
    "virtualization_type": "hvm"
  },
  {
    "ami_id": "ami-00a26a49f38560c39",
    "architecture": "x86_64",
    "description": "Amazon Linux AMI 2.0.20211020 x86_64 ECS HVM GP2",
    "hypervisor": "xen",
    "image_type": "machine",
    "name": "amzn2-ami-ecs-hvm-2.0.20211020-x86_64-ebs",
    "owner_id": "591542846629",
    "platform": null,
    "public": true,
    "root_device_name": "/dev/xvda",
    "root_device_type": "ebs",
    "sriov": "simple",
    "state": "available",
    "virtualization_type": "hvm"
  },
  {
    "ami_id": "ami-03ee0b96551d74004",
    "architecture": "x86_64",
    "description": "Amazon Linux AMI amzn-ami-2018.03.20220509 x86_64 ECS HVM GP2",
    "hypervisor": "xen",
    "image_type": "machine",
    "name": "amzn-ami-2018.03.20220509-amazon-ecs-optimized",
    "owner_id": "591542846629",
    "platform": null,
    "public": true,
    "root_device_name": "/dev/xvda",
    "root_device_type": "ebs",
    "sriov": "simple",
    "state": "available",
    "virtualization_type": "hvm"
  },
  {
    "ami_id": "ami-047df8115596a2743",
    "architecture": "x86_64",
    "description": "Amazon Linux AMI 2.0.20221213 x86_64 ECS HVM GP2",
    "hypervisor": "xen",
    "image_type": "machine",
    "name": "amzn2-ami-ecs-gpu-hvm-2.0.20221213-x86_64-ebs",
    "owner_id": "591542846629",
    "platform": null,
    "public": true,
    "root_device_name": "/dev/xvda",
    "root_device_type": "ebs",
    "sriov": "simple",
    "state": "available",
    "virtualization_type": "hvm"
  },
  {
    "ami_id": "ami-0841b9979c3f2994b",
    "architecture": "x86_64",
    "description": "Amazon Linux AMI 2.0.20220520 x86_64 ECS HVM GP2",
    "hypervisor": "xen",
    "image_type": "machine",
    "name": "amzn2-ami-ecs-hvm-2.0.20220520-x86_64-ebs",
    "owner_id": "591542846629",
    "platform": null,
    "public": true,
    "root_device_name": "/dev/xvda",
    "root_device_type": "ebs",
    "sriov": "simple",
    "state": "available",
    "virtualization_type": "hvm"
  },
  {
    "ami_id": "ami-046860ade1ebc7a9f",
    "architecture": "x86_64",
    "description": "Amazon Linux AMI amzn-ami-2018.03.20210202 x86_64 ECS HVM GP2",
    "hypervisor": "xen",
    "image_type": "machine",
    "name": "amzn-ami-2018.03.20210202-amazon-ecs-optimized",
    "owner_id": "591542846629",
    "platform": null,
    "public": true,
    "root_device_name": "/dev/xvda",
    "root_device_type": "ebs",
    "sriov": "simple",
    "state": "available",
    "virtualization_type": "hvm"
  },
  {
    "ami_id": "ami-0ed75d7687e0a76dd",
    "architecture": "arm64",
    "description": "Amazon Linux AMI 2.0.20230109 arm64 ECS HVM GP2",
    "hypervisor": "xen",
    "image_type": "machine",
    "name": "amzn2-ami-ecs-hvm-2.0.20230109-arm64-ebs",
    "owner_id": "591542846629",
    "platform": null,
    "public": true,
    "root_device_name": "/dev/xvda",
    "root_device_type": "ebs",
    "sriov": "simple",
    "state": "available",
    "virtualization_type": "hvm"
  },
  {
    "ami_id": "ami-0d9014c77ed20a4a4",
    "architecture": "arm64",
    "description": "Amazon Linux AMI 2022.0.20230109 arm64 ECS HVM EBS",
    "hypervisor": "xen",
    "image_type": "machine",
    "name": "al2022-ami-ecs-hvm-2022.0.20230109-kernel-5.15-arm64",
    "owner_id": "591542846629",
    "platform": null,
    "public": true,
    "root_device_name": "/dev/xvda",
    "root_device_type": "ebs",
    "sriov": "simple",
    "state": "available",
    "virtualization_type": "hvm"
  },
  {
    "ami_id": "ami-0e86cf09c5111a4ee",
    "architecture": "x86_64",
    "description": "Amazon Linux AMI 2022.0.20220630 x86_64 ECS HVM GP2",
    "hypervisor": "xen",
    "image_type": "machine",
    "name": "al2022-ami-ecs-hvm-2022.0.20220630-x86_64-ebs",
    "owner_id": "591542846629",
    "platform": null,
    "public": true,
    "root_device_name": "/dev/xvda",
    "root_device_type": "ebs",
    "sriov": "simple",
    "state": "available",
    "virtualization_type": "hvm"
  },
  {
    "ami_id": "ami-060d0aa62dd710d32",
    "architecture": "x86_64",
    "description": "Amazon Linux AMI amzn-ami-2018.03.20211209 x86_64 ECS HVM GP2",
    "hypervisor": "xen",
    "image_type": "machine",
    "name": "amzn-ami-2018.03.20211209-amazon-ecs-optimized",
    "owner_id": "591542846629",
    "platform": null,
    "public": true,
    "root_device_name": "/dev/xvda",
    "root_device_type": "ebs",
    "sriov": "simple",
    "state": "available",
    "virtualization_type": "hvm"
  },
  {
    "ami_id": "ami-09e4e42dc8946ba14",
    "architecture": "x86_64",
    "description": "Amazon Linux AMI 2.0.20220318 x86_64 ECS HVM GP2",
    "hypervisor": "xen",
    "image_type": "machine",
    "name": "amzn2-ami-ecs-hvm-2.0.20220318-x86_64-ebs",
    "owner_id": "591542846629",
    "platform": null,
    "public": true,
    "root_device_name": "/dev/xvda",
    "root_device_type": "ebs",
    "sriov": "simple",
    "state": "available",
    "virtualization_type": "hvm"
  },
  {
    "ami_id": "ami-03afa041bf7667446",
    "architecture": "x86_64",
    "description": "Amazon Linux AMI amzn-ami-2018.03.20210316 x86_64 ECS HVM GP2",
    "hypervisor": "xen",
    "image_type": "machine",
    "name": "amzn-ami-2018.03.20210316-amazon-ecs-optimized",
    "owner_id": "591542846629",
    "platform": null,
    "public": true,
    "root_device_name": "/dev/xvda",
    "root_device_type": "ebs",
    "sriov": "simple",
    "state": "available",
    "virtualization_type": "hvm"
  },
  {
    "ami_id": "ami-067b5bb11d3c71374",
    "architecture": "x86_64",
    "description": "Amazon Linux AMI amzn-ami-2018.03.20211013 x86_64 ECS HVM GP2",
    "hypervisor": "xen",
    "image_type": "machine",
    "name": "amzn-ami-2018.03.20211013-amazon-ecs-optimized",
    "owner_id": "591542846629",
    "platform": null,
    "public": true,
    "root_device_name": "/dev/xvda",
    "root_device_type": "ebs",
    "sriov": "simple",
    "state": "available",
    "virtualization_type": "hvm"
  },
  {
    "ami_id": "ami-06a421fd7b2cb3969",
    "architecture": "x86_64",
    "description": "Amazon Linux AMI 2.0.20221115 x86_64 ECS HVM GP2",
    "hypervisor": "xen",
    "image_type": "machine",
    "name": "amzn2-ami-ecs-hvm-2.0.20221115-x86_64-ebs",
    "owner_id": "591542846629",
    "platform": null,
    "public": true,
    "root_device_name": "/dev/xvda",
    "root_device_type": "ebs",
    "sriov": "simple",
    "state": "available",
    "virtualization_type": "hvm"
  },
  {
    "ami_id": "ami-076a5e56139b78983",
    "architecture": "x86_64",
    "description": "Amazon Linux AMI 2.0.20211115 x86_64 ECS HVM GP2",
    "hypervisor": "xen",
    "image_type": "machine",
    "name": "amzn2-ami-ecs-hvm-2.0.20211115-x86_64-ebs",
    "owner_id": "591542846629",
    "platform": null,
    "public": true,
    "root_device_name": "/dev/xvda",
    "root_device_type": "ebs",
    "sriov": "simple",
    "state": "available",
    "virtualization_type": "hvm"
  },
  {
    "ami_id": "ami-097f8e905483d186c",
    "architecture": "x86_64",
    "description": "Amazon Linux AMI amzn-ami-2018.03.20210121 x86_64 ECS HVM GP2",
    "hypervisor": "xen",
    "image_type": "machine",
    "name": "amzn-ami-2018.03.20210121-amazon-ecs-optimized",
    "owner_id": "591542846629",
    "platform": null,
    "public": true,
    "root_device_name": "/dev/xvda",
    "root_device_type": "ebs",
    "sriov": "simple",
    "state": "available",
    "virtualization_type": "hvm"
  },
  {
    "ami_id": "ami-06049ef013ef5d0b6",
    "architecture": "x86_64",
    "description": "Amazon Linux AMI 2.0.20210514 x86_64 ECS HVM GP2",
    "hypervisor": "xen",
    "image_type": "machine",
    "name": "amzn2-ami-ecs-hvm-2.0.20210514-x86_64-ebs",
    "owner_id": "591542846629",
    "platform": null,
    "public": true,
    "root_device_name": "/dev/xvda",
    "root_device_type": "ebs",
    "sriov": "simple",
    "state": "available",
    "virtualization_type": "hvm"
  },
  {
    "ami_id": "ami-048848b056d695594",
    "architecture": "x86_64",
    "description": "Amazon Linux AMI 2.0.20220607 x86_64 ECS HVM GP2",
    "hypervisor": "xen",
    "image_type": "machine",
    "name": "amzn2-ami-ecs-hvm-2.0.20220607-x86_64-ebs",
    "owner_id": "591542846629",
    "platform": null,
    "public": true,
    "root_device_name": "/dev/xvda",
    "root_device_type": "ebs",
    "sriov": "simple",
    "state": "available",
    "virtualization_type": "hvm"
  },
  {
    "ami_id": "ami-011d3d7f40bf17ad9",
    "architecture": "x86_64",
    "description": "Amazon Linux AMI 2.0.20220328 x86_64 ECS HVM GP2",
    "hypervisor": "xen",
    "image_type": "machine",
    "name": "amzn2-ami-ecs-hvm-2.0.20220328-x86_64-ebs",
    "owner_id": "591542846629",
    "platform": null,
    "public": true,
    "root_device_name": "/dev/xvda",
    "root_device_type": "ebs",
    "sriov": "simple",
    "state": "available",
    "virtualization_type": "hvm"
  },
  {
    "ami_id": "ami-01349c08a30d7c1a1",
    "architecture": "x86_64",
    "description": "Amazon Linux AMI 2.0.20210708 x86_64 ECS HVM GP2",
    "hypervisor": "xen",
    "image_type": "machine",
    "name": "amzn2-ami-ecs-hvm-2.0.20210708-x86_64-ebs",
    "owner_id": "591542846629",
    "platform": null,
    "public": true,
    "root_device_name": "/dev/xvda",
    "root_device_type": "ebs",
    "sriov": "simple",
    "state": "available",
    "virtualization_type": "hvm"
  },
  {
    "ami_id": "ami-06b3016b03ad6f0c2",
    "architecture": "x86_64",
    "description": "Amazon Linux AMI amzn-ami-2018.03.20201130 x86_64 ECS HVM GP2",
    "hypervisor": "xen",
    "image_type": "machine",
    "name": "amzn-ami-2018.03.20201130-amazon-ecs-optimized",
    "owner_id": "591542846629",
    "platform": null,
    "public": true,
    "root_device_name": "/dev/xvda",
    "root_device_type": "ebs",
    "sriov": "simple",
    "state": "available",
    "virtualization_type": "hvm"
  },
  {
    "ami_id": "ami-0d8fcf661add67e3a",
    "architecture": "x86_64",
    "description": "Amazon Linux AMI 2.0.20221025 x86_64 ECS HVM GP2",
    "hypervisor": "xen",
    "image_type": "machine",
    "name": "amzn2-ami-ecs-gpu-hvm-2.0.20221025-x86_64-ebs",
    "owner_id": "591542846629",
    "platform": null,
    "public": true,
    "root_device_name": "/dev/xvda",
    "root_device_type": "ebs",
    "sriov": "simple",
    "state": "available",
    "virtualization_type": "hvm"
  },
  {
    "ami_id": "ami-03ba9e95f5eaa0b3a",
    "architecture": "arm64",
    "description": "Amazon Linux AMI 2.0.20221230 arm64 ECS HVM GP2",
    "hypervisor": "xen",
    "image_type": "machine",
    "name": "amzn2-ami-ecs-hvm-2.0.20221230-arm64-ebs",
    "owner_id": "591542846629",
    "platform": null,
    "public": true,
    "root_device_name": "/dev/xvda",
    "root_device_type": "ebs",
    "sriov": "simple",
    "state": "available",
    "virtualization_type": "hvm"
  },
  {
    "ami_id": "ami-0cf494d14e35bb006",
    "architecture": "x86_64",
    "description": "Amazon Linux AMI 2.0.20220607 x86_64 ECS HVM GP2",
    "hypervisor": "xen",
    "image_type": "machine",
    "name": "amzn2-ami-ecs-gpu-hvm-2.0.20220607-x86_64-ebs",
    "owner_id": "591542846629",
    "platform": null,
    "public": true,
    "root_device_name": "/dev/xvda",
    "root_device_type": "ebs",
    "sriov": "simple",
    "state": "available",
    "virtualization_type": "hvm"
  },
  {
    "ami_id": "ami-0de82cd570c4e82fe",
    "architecture": "x86_64",
    "description": "Amazon Linux AMI amzn-ami-2018.03.20211115 x86_64 ECS HVM GP2",
    "hypervisor": "xen",
    "image_type": "machine",
    "name": "amzn-ami-2018.03.20211115-amazon-ecs-optimized",
    "owner_id": "591542846629",
    "platform": null,
    "public": true,
    "root_device_name": "/dev/xvda",
    "root_device_type": "ebs",
    "sriov": "simple",
    "state": "available",
    "virtualization_type": "hvm"
  },
  {
    "ami_id": "ami-0fcc798701c4a9169",
    "architecture": "x86_64",
    "description": "Amazon Linux AMI 2.0.20220318 x86_64 ECS HVM GP2",
    "hypervisor": "xen",
    "image_type": "machine",
    "name": "amzn2-ami-ecs-gpu-hvm-2.0.20220318-x86_64-ebs",
    "owner_id": "591542846629",
    "platform": null,
    "public": true,
    "root_device_name": "/dev/xvda",
    "root_device_type": "ebs",
    "sriov": "simple",
    "state": "available",
    "virtualization_type": "hvm"
  },
  {
    "ami_id": "ami-0300a7184c8520b69",
    "architecture": "arm64",
    "description": "Amazon Linux AMI 2.0.20221025 arm64 ECS HVM GP2",
    "hypervisor": "xen",
    "image_type": "machine",
    "name": "amzn2-ami-ecs-hvm-2.0.20221025-arm64-ebs",
    "owner_id": "591542846629",
    "platform": null,
    "public": true,
    "root_device_name": "/dev/xvda",
    "root_device_type": "ebs",
    "sriov": "simple",
    "state": "available",
    "virtualization_type": "hvm"
  },
  {
    "ami_id": "ami-0e00ba01626ac3ff2",
    "architecture": "x86_64",
    "description": "Amazon Linux AMI 2.0.20221118 x86_64 ECS HVM GP2",
    "hypervisor": "xen",
    "image_type": "machine",
    "name": "amzn2-ami-ecs-gpu-hvm-2.0.20221118-x86_64-ebs",
    "owner_id": "591542846629",
    "platform": null,
    "public": true,
    "root_device_name": "/dev/xvda",
    "root_device_type": "ebs",
    "sriov": "simple",
    "state": "available",
    "virtualization_type": "hvm"
  },
  {
    "ami_id": "ami-0531983d7bec1f0dc",
    "architecture": "arm64",
    "description": "Amazon Linux AMI 2.0.20230214 Kernel 5.10 arm64 ECS HVM GP2",
    "hypervisor": "xen",
    "image_type": "machine",
    "name": "amzn2-ami-ecs-kernel-5.10-hvm-2.0.20230214-arm64-ebs",
    "owner_id": "591542846629",
    "platform": null,
    "public": true,
    "root_device_name": "/dev/xvda",
    "root_device_type": "ebs",
    "sriov": "simple",
    "state": "available",
    "virtualization_type": "hvm"
  },
  {
    "ami_id": "ami-07e1c0e67a64c83b5",
    "architecture": "x86_64",
    "description": "Amazon Linux AMI 2.0.20220520 x86_64 ECS HVM GP2",
    "hypervisor": "xen",
    "image_type": "machine",
    "name": "amzn2-ami-ecs-gpu-hvm-2.0.20220520-x86_64-ebs",
    "owner_id": "591542846629",
    "platform": null,
    "public": true,
    "root_device_name": "/dev/xvda",
    "root_device_type": "ebs",
    "sriov": "simple",
    "state": "available",
    "virtualization_type": "hvm"
  },
  {
    "ami_id": "ami-0a68803c3f221ab9d",
    "architecture": "x86_64",
    "description": "Amazon Linux AMI 2.0.20221115 x86_64 ECS HVM GP2",
    "hypervisor": "xen",
    "image_type": "machine",
    "name": "amzn2-ami-ecs-gpu-hvm-2.0.20221115-x86_64-ebs",
    "owner_id": "591542846629",
    "platform": null,
    "public": true,
    "root_device_name": "/dev/xvda",
    "root_device_type": "ebs",
    "sriov": "simple",
    "state": "available",
    "virtualization_type": "hvm"
  },
  {
    "ami_id": "ami-09aae179441131832",
    "architecture": "x86_64",
    "description": "Amazon Linux AMI 2022.0.20221102 x86_64 ECS HVM EBS",
    "hypervisor": "xen",
    "image_type": "machine",
    "name": "al2022-ami-ecs-hvm-2022.0.20221102-kernel-5.15-x86_64",
    "owner_id": "591542846629",
    "platform": null,
    "public": true,
    "root_device_name": "/dev/xvda",
    "root_device_type": "ebs",
    "sriov": "simple",
    "state": "available",
    "virtualization_type": "hvm"
  },
  {
    "ami_id": "ami-08c137ec8ca8ac3db",
    "architecture": "x86_64",
    "description": "Amazon Linux AMI 2.0.20211209 x86_64 ECS HVM GP2",
    "hypervisor": "xen",
    "image_type": "machine",
    "name": "amzn2-ami-ecs-hvm-2.0.20211209-x86_64-ebs",
    "owner_id": "591542846629",
    "platform": null,
    "public": true,
    "root_device_name": "/dev/xvda",
    "root_device_type": "ebs",
    "sriov": "simple",
    "state": "available",
    "virtualization_type": "hvm"
  },
  {
    "ami_id": "ami-09f0fa39365b9dede",
    "architecture": "x86_64",
    "description": "Amazon Linux AMI 2.0.20221102 x86_64 ECS HVM GP2",
    "hypervisor": "xen",
    "image_type": "machine",
    "name": "amzn2-ami-ecs-hvm-2.0.20221102-x86_64-ebs",
    "owner_id": "591542846629",
    "platform": null,
    "public": true,
    "root_device_name": "/dev/xvda",
    "root_device_type": "ebs",
    "sriov": "simple",
    "state": "available",
    "virtualization_type": "hvm"
  },
  {
    "ami_id": "ami-02c72cbd3c637e2d1",
    "architecture": "arm64",
    "description": "Amazon Linux AMI 2022.0.20221207 arm64 ECS HVM EBS",
    "hypervisor": "xen",
    "image_type": "machine",
    "name": "al2022-ami-ecs-hvm-2022.0.20221207-kernel-5.15-arm64",
    "owner_id": "591542846629",
    "platform": null,
    "public": true,
    "root_device_name": "/dev/xvda",
    "root_device_type": "ebs",
    "sriov": "simple",
    "state": "available",
    "virtualization_type": "hvm"
  },
  {
    "ami_id": "ami-0f0c438cb4d544d0d",
    "architecture": "x86_64",
    "description": "Amazon Linux AMI amzn-ami-2018.03.20210210 x86_64 ECS HVM GP2",
    "hypervisor": "xen",
    "image_type": "machine",
    "name": "amzn-ami-2018.03.20210210-amazon-ecs-optimized",
    "owner_id": "591542846629",
    "platform": null,
    "public": true,
    "root_device_name": "/dev/xvda",
    "root_device_type": "ebs",
    "sriov": "simple",
    "state": "available",
    "virtualization_type": "hvm"
  },
  {
    "ami_id": "ami-0d7b5bcc97e1f6142",
    "architecture": "x86_64",
    "description": "Amazon Linux AMI 2022.0.20221213 x86_64 ECS HVM EBS",
    "hypervisor": "xen",
    "image_type": "machine",
    "name": "al2022-ami-ecs-hvm-2022.0.20221213-kernel-5.15-x86_64",
    "owner_id": "591542846629",
    "platform": null,
    "public": true,
    "root_device_name": "/dev/xvda",
    "root_device_type": "ebs",
    "sriov": "simple",
    "state": "available",
    "virtualization_type": "hvm"
  },
  {
    "ami_id": "ami-0b00f7511fdb6a235",
    "architecture": "x86_64",
    "description": "Amazon Linux AMI amzn-ami-2018.03.20220831 x86_64 ECS HVM GP2",
    "hypervisor": "xen",
    "image_type": "machine",
    "name": "amzn-ami-2018.03.20220831-amazon-ecs-optimized",
    "owner_id": "591542846629",
    "platform": null,
    "public": true,
    "root_device_name": "/dev/xvda",
    "root_device_type": "ebs",
    "sriov": "simple",
    "state": "available",
    "virtualization_type": "hvm"
  },
  {
    "ami_id": "ami-0603a52a5dcbeec9e",
    "architecture": "arm64",
    "description": "Amazon Linux AMI 2.0.20230214 arm64 ECS HVM GP2",
    "hypervisor": "xen",
    "image_type": "machine",
    "name": "amzn2-ami-ecs-hvm-2.0.20230214-arm64-ebs",
    "owner_id": "591542846629",
    "platform": null,
    "public": true,
    "root_device_name": "/dev/xvda",
    "root_device_type": "ebs",
    "sriov": "simple",
    "state": "available",
    "virtualization_type": "hvm"
  },
  {
    "ami_id": "ami-0e00986a8a45e78de",
    "architecture": "x86_64",
    "description": "Amazon Linux AMI 2.0.20221230 x86_64 ECS HVM GP2",
    "hypervisor": "xen",
    "image_type": "machine",
    "name": "amzn2-ami-ecs-gpu-hvm-2.0.20221230-x86_64-ebs",
    "owner_id": "591542846629",
    "platform": null,
    "public": true,
    "root_device_name": "/dev/xvda",
    "root_device_type": "ebs",
    "sriov": "simple",
    "state": "available",
    "virtualization_type": "hvm"
  },
  {
    "ami_id": "ami-0bc88410ef914dd9f",
    "architecture": "x86_64",
    "description": "Amazon Linux AMI 2.0.20210802 x86_64 ECS HVM GP2",
    "hypervisor": "xen",
    "image_type": "machine",
    "name": "amzn2-ami-ecs-hvm-2.0.20210802-x86_64-ebs",
    "owner_id": "591542846629",
    "platform": null,
    "public": true,
    "root_device_name": "/dev/xvda",
    "root_device_type": "ebs",
    "sriov": "simple",
    "state": "available",
    "virtualization_type": "hvm"
  },
  {
    "ami_id": "ami-0f2812d1adaf9dd6a",
    "architecture": "x86_64",
    "description": "Amazon Linux AMI amzn-ami-2018.03.20201028 x86_64 ECS HVM GP2",
    "hypervisor": "xen",
    "image_type": "machine",
    "name": "amzn-ami-2018.03.20201028-amazon-ecs-optimized",
    "owner_id": "591542846629",
    "platform": null,
    "public": true,
    "root_device_name": "/dev/xvda",
    "root_device_type": "ebs",
    "sriov": "simple",
    "state": "available",
    "virtualization_type": "hvm"
  },
  {
    "ami_id": "ami-01496ab736d222caa",
    "architecture": "x86_64",
    "description": "Amazon Linux AMI 2.0.20220509 x86_64 ECS HVM GP2",
    "hypervisor": "xen",
    "image_type": "machine",
    "name": "amzn2-ami-ecs-hvm-2.0.20220509-x86_64-ebs",
    "owner_id": "591542846629",
    "platform": null,
    "public": true,
    "root_device_name": "/dev/xvda",
    "root_device_type": "ebs",
    "sriov": "simple",
    "state": "available",
    "virtualization_type": "hvm"
  },
  {
    "ami_id": "ami-05349a794719271c1",
    "architecture": "x86_64",
    "description": "Amazon Linux AMI 2.0.20220921 x86_64 ECS HVM GP2",
    "hypervisor": "xen",
    "image_type": "machine",
    "name": "amzn2-ami-ecs-gpu-hvm-2.0.20220921-x86_64-ebs",
    "owner_id": "591542846629",
    "platform": null,
    "public": true,
    "root_device_name": "/dev/xvda",
    "root_device_type": "ebs",
    "sriov": "simple",
    "state": "available",
    "virtualization_type": "hvm"
  },
  {
    "ami_id": "ami-0574a8457972ca252",
    "architecture": "x86_64",
    "description": "Amazon Linux AMI 2.0.20220627 x86_64 ECS HVM GP2",
    "hypervisor": "xen",
    "image_type": "machine",
    "name": "amzn2-ami-ecs-hvm-2.0.20220627-x86_64-ebs",
    "owner_id": "591542846629",
    "platform": null,
    "public": true,
    "root_device_name": "/dev/xvda",
    "root_device_type": "ebs",
    "sriov": "simple",
    "state": "available",
    "virtualization_type": "hvm"
  },
  {
    "ami_id": "ami-04ff9feb11591546a",
    "architecture": "x86_64",
    "description": "Amazon Linux AMI 2.0.20220411 x86_64 ECS HVM GP2",
    "hypervisor": "xen",
    "image_type": "machine",
    "name": "amzn2-ami-ecs-hvm-2.0.20220411-x86_64-ebs",
    "owner_id": "591542846629",
    "platform": null,
    "public": true,
    "root_device_name": "/dev/xvda",
    "root_device_type": "ebs",
    "sriov": "simple",
    "state": "available",
    "virtualization_type": "hvm"
  },
  {
    "ami_id": "ami-0920985a461c42d85",
    "architecture": "x86_64",
    "description": "Amazon Linux AMI 2.0.20201130 x86_64 ECS HVM GP2",
    "hypervisor": "xen",
    "image_type": "machine",
    "name": "amzn2-ami-ecs-hvm-2.0.20201130-x86_64-ebs",
    "owner_id": "591542846629",
    "platform": null,
    "public": true,
    "root_device_name": "/dev/xvda",
    "root_device_type": "ebs",
    "sriov": "simple",
    "state": "available",
    "virtualization_type": "hvm"
  },
  {
    "ami_id": "ami-0d66f1af6b1948b05",
    "architecture": "x86_64",
    "description": "Amazon Linux AMI 2.0.20221118 x86_64 ECS HVM GP2",
    "hypervisor": "xen",
    "image_type": "machine",
    "name": "amzn2-ami-ecs-hvm-2.0.20221118-x86_64-ebs",
    "owner_id": "591542846629",
    "platform": null,
    "public": true,
    "root_device_name": "/dev/xvda",
    "root_device_type": "ebs",
    "sriov": "simple",
    "state": "available",
    "virtualization_type": "hvm"
  },
  {
    "ami_id": "ami-0bba5a38c0b1c555f",
    "architecture": "x86_64",
    "description": "Amazon Linux AMI 2.0.20221025 x86_64 ECS HVM GP2",
    "hypervisor": "xen",
    "image_type": "machine",
    "name": "amzn2-ami-ecs-hvm-2.0.20221025-x86_64-ebs",
    "owner_id": "591542846629",
    "platform": null,
    "public": true,
    "root_device_name": "/dev/xvda",
    "root_device_type": "ebs",
    "sriov": "simple",
    "state": "available",
    "virtualization_type": "hvm"
  },
  {
    "ami_id": "ami-0c6ea2fb26f850d76",
    "architecture": "x86_64",
    "description": "Amazon Linux AMI 2.0.20210121 x86_64 ECS HVM GP2",
    "hypervisor": "xen",
    "image_type": "machine",
    "name": "amzn2-ami-ecs-hvm-2.0.20210121-x86_64-ebs",
    "owner_id": "591542846629",
    "platform": null,
    "public": true,
    "root_device_name": "/dev/xvda",
    "root_device_type": "ebs",
    "sriov": "simple",
    "state": "available",
    "virtualization_type": "hvm"
  },
  {
    "ami_id": "ami-0828497bc02409c18",
    "architecture": "x86_64",
    "description": "Amazon Linux AMI 2.0.20220831 x86_64 ECS HVM GP2",
    "hypervisor": "xen",
    "image_type": "machine",
    "name": "amzn2-ami-ecs-gpu-hvm-2.0.20220831-x86_64-ebs",
    "owner_id": "591542846629",
    "platform": null,
    "public": true,
    "root_device_name": "/dev/xvda",
    "root_device_type": "ebs",
    "sriov": "simple",
    "state": "available",
    "virtualization_type": "hvm"
  },
  {
    "ami_id": "ami-0233b4812ef888b7f",
    "architecture": "x86_64",
    "description": "Amazon Linux AMI 2.0.20220630 x86_64 ECS HVM GP2",
    "hypervisor": "xen",
    "image_type": "machine",
    "name": "amzn2-ami-ecs-gpu-hvm-2.0.20220630-x86_64-ebs",
    "owner_id": "591542846629",
    "platform": null,
    "public": true,
    "root_device_name": "/dev/xvda",
    "root_device_type": "ebs",
    "sriov": "simple",
    "state": "available",
    "virtualization_type": "hvm"
  },
  {
    "ami_id": "ami-08bdfcfb032555dd9",
    "architecture": "x86_64",
    "description": "Amazon Linux AMI 2.0.20210916 x86_64 ECS HVM GP2",
    "hypervisor": "xen",
    "image_type": "machine",
    "name": "amzn2-ami-ecs-hvm-2.0.20210916-x86_64-ebs",
    "owner_id": "591542846629",
    "platform": null,
    "public": true,
    "root_device_name": "/dev/xvda",
    "root_device_type": "ebs",
    "sriov": "simple",
    "state": "available",
    "virtualization_type": "hvm"
  },
  {
    "ami_id": "ami-03acfc3971ef4d907",
    "architecture": "x86_64",
    "description": "Amazon Linux AMI 2022.0.20221207 x86_64 ECS HVM EBS",
    "hypervisor": "xen",
    "image_type": "machine",
    "name": "al2022-ami-ecs-hvm-2022.0.20221207-kernel-5.15-x86_64",
    "owner_id": "591542846629",
    "platform": null,
    "public": true,
    "root_device_name": "/dev/xvda",
    "root_device_type": "ebs",
    "sriov": "simple",
    "state": "available",
    "virtualization_type": "hvm"
  },
  {
    "ami_id": "ami-0b0c151c256a4e92d",
    "architecture": "x86_64",
    "description": "Amazon Linux AMI 2.0.20230214 x86_64 ECS HVM GP2",
    "hypervisor": "xen",
    "image_type": "machine",
    "name": "amzn2-ami-ecs-gpu-hvm-2.0.20230214-x86_64-ebs",
    "owner_id": "591542846629",
    "platform": null,
    "public": true,
    "root_device_name": "/dev/xvda",
    "root_device_type": "ebs",
    "sriov": "simple",
    "state": "available",
    "virtualization_type": "hvm"
  },
  {
    "ami_id": "ami-0be22aa63f4e7376e",
    "architecture": "arm64",
    "description": "Amazon Linux AMI 2.0.20221102 arm64 ECS HVM GP2",
    "hypervisor": "xen",
    "image_type": "machine",
    "name": "amzn2-ami-ecs-hvm-2.0.20221102-arm64-ebs",
    "owner_id": "591542846629",
    "platform": null,
    "public": true,
    "root_device_name": "/dev/xvda",
    "root_device_type": "ebs",
    "sriov": "simple",
    "state": "available",
    "virtualization_type": "hvm"
  },
  {
    "ami_id": "ami-0ecb68d2488a65c42",
    "architecture": "x86_64",
    "description": "Amazon Linux AMI amzn-ami-2018.03.20211120 x86_64 ECS HVM GP2",
    "hypervisor": "xen",
    "image_type": "machine",
    "name": "amzn-ami-2018.03.20211120-amazon-ecs-optimized",
    "owner_id": "591542846629",
    "platform": null,
    "public": true,
    "root_device_name": "/dev/xvda",
    "root_device_type": "ebs",
    "sriov": "simple",
    "state": "available",
    "virtualization_type": "hvm"
  },
  {
    "ami_id": "ami-0e47631e1b1fb884c",
    "architecture": "x86_64",
    "description": "Amazon Linux AMI 2.0.20210609 x86_64 ECS HVM GP2",
    "hypervisor": "xen",
    "image_type": "machine",
    "name": "amzn2-ami-ecs-hvm-2.0.20210609-x86_64-ebs",
    "owner_id": "591542846629",
    "platform": null,
    "public": true,
    "root_device_name": "/dev/xvda",
    "root_device_type": "ebs",
    "sriov": "simple",
    "state": "available",
    "virtualization_type": "hvm"
  },
  {
    "ami_id": "ami-0442df3888d708161",
    "architecture": "x86_64",
    "description": "Amazon Linux AMI 2.0.20210902 x86_64 ECS HVM GP2",
    "hypervisor": "xen",
    "image_type": "machine",
    "name": "amzn2-ami-ecs-hvm-2.0.20210902-x86_64-ebs",
    "owner_id": "591542846629",
    "platform": null,
    "public": true,
    "root_device_name": "/dev/xvda",
    "root_device_type": "ebs",
    "sriov": "simple",
    "state": "available",
    "virtualization_type": "hvm"
  },
  {
    "ami_id": "ami-047d94ba66a59d513",
    "architecture": "arm64",
    "description": "Amazon Linux AMI 2.0.20221207 arm64 ECS HVM GP2",
    "hypervisor": "xen",
    "image_type": "machine",
    "name": "amzn2-ami-ecs-hvm-2.0.20221207-arm64-ebs",
    "owner_id": "591542846629",
    "platform": null,
    "public": true,
    "root_device_name": "/dev/xvda",
    "root_device_type": "ebs",
    "sriov": "simple",
    "state": "available",
    "virtualization_type": "hvm"
  },
  {
    "ami_id": "ami-0f6b5b2970f2f6b68",
    "architecture": "x86_64",
    "description": "Amazon Linux AMI 2.0.20220627 x86_64 ECS HVM GP2",
    "hypervisor": "xen",
    "image_type": "machine",
    "name": "amzn2-ami-ecs-gpu-hvm-2.0.20220627-x86_64-ebs",
    "owner_id": "591542846629",
    "platform": null,
    "public": true,
    "root_device_name": "/dev/xvda",
    "root_device_type": "ebs",
    "sriov": "simple",
    "state": "available",
    "virtualization_type": "hvm"
  },
  {
    "ami_id": "ami-0057e1ea4f3bb9f49",
    "architecture": "x86_64",
    "description": "Amazon Linux AMI 2.0.20220822 x86_64 ECS HVM GP2",
    "hypervisor": "xen",
    "image_type": "machine",
    "name": "amzn2-ami-ecs-hvm-2.0.20220822-x86_64-ebs",
    "owner_id": "591542846629",
    "platform": null,
    "public": true,
    "root_device_name": "/dev/xvda",
    "root_device_type": "ebs",
    "sriov": "simple",
    "state": "available",
    "virtualization_type": "hvm"
  },
  {
    "ami_id": "ami-0bf8e9fd93544a5c8",
    "architecture": "x86_64",
    "description": "Amazon Linux AMI 2.0.20220509 x86_64 ECS HVM GP2",
    "hypervisor": "xen",
    "image_type": "machine",
    "name": "amzn2-ami-ecs-gpu-hvm-2.0.20220509-x86_64-ebs",
    "owner_id": "591542846629",
    "platform": null,
    "public": true,
    "root_device_name": "/dev/xvda",
    "root_device_type": "ebs",
    "sriov": "simple",
    "state": "available",
    "virtualization_type": "hvm"
  },
  {
    "ami_id": "ami-0d2fe8f37df014047",
    "architecture": "x86_64",
    "description": "Amazon Linux AMI 2.0.20201028 x86_64 ECS HVM GP2",
    "hypervisor": "xen",
    "image_type": "machine",
    "name": "amzn2-ami-ecs-hvm-2.0.20201028-x86_64-ebs",
    "owner_id": "591542846629",
    "platform": null,
    "public": true,
    "root_device_name": "/dev/xvda",
    "root_device_type": "ebs",
    "sriov": "simple",
    "state": "available",
    "virtualization_type": "hvm"
  },
  {
    "ami_id": "ami-0eb46eb9fd8b5601c",
    "architecture": "arm64",
    "description": "Amazon Linux AMI 2022.0.20221230 arm64 ECS HVM EBS",
    "hypervisor": "xen",
    "image_type": "machine",
    "name": "al2022-ami-ecs-hvm-2022.0.20221230-kernel-5.15-arm64",
    "owner_id": "591542846629",
    "platform": null,
    "public": true,
    "root_device_name": "/dev/xvda",
    "root_device_type": "ebs",
    "sriov": "simple",
    "state": "available",
    "virtualization_type": "hvm"
  },
  {
    "ami_id": "ami-05006b56ea0701668",
    "architecture": "x86_64",
    "description": "Amazon Linux AMI amzn-ami-2018.03.20230214 x86_64 ECS HVM GP2",
    "hypervisor": "xen",
    "image_type": "machine",
    "name": "amzn-ami-2018.03.20230214-amazon-ecs-optimized",
    "owner_id": "591542846629",
    "platform": null,
    "public": true,
    "root_device_name": "/dev/xvda",
    "root_device_type": "ebs",
    "sriov": "simple",
    "state": "available",
    "virtualization_type": "hvm"
  },
  {
    "ami_id": "ami-0c9d7e8886fad28b6",
    "architecture": "x86_64",
    "description": "Amazon Linux AMI 2.0.20230127 Kernel 5.10 x86_64 ECS HVM GP2",
    "hypervisor": "xen",
    "image_type": "machine",
    "name": "amzn2-ami-ecs-kernel-5.10-hvm-2.0.20230127-x86_64-ebs",
    "owner_id": "591542846629",
    "platform": null,
    "public": true,
    "root_device_name": "/dev/xvda",
    "root_device_type": "ebs",
    "sriov": "simple",
    "state": "available",
    "virtualization_type": "hvm"
  },
  {
    "ami_id": "ami-02498ea1fb84a7129",
    "architecture": "x86_64",
    "description": "Amazon Linux AMI 2022.0.20220411 x86_64 ECS HVM GP2",
    "hypervisor": "xen",
    "image_type": "machine",
    "name": "al2022-ami-ecs-hvm-2022.0.20220411-x86_64-ebs",
    "owner_id": "591542846629",
    "platform": null,
    "public": true,
    "root_device_name": "/dev/xvda",
    "root_device_type": "ebs",
    "sriov": "simple",
    "state": "available",
    "virtualization_type": "hvm"
  },
  {
    "ami_id": "ami-0a5917097baec47d6",
    "architecture": "x86_64",
    "description": "Amazon Linux AMI amzn-ami-2018.03.20210331 x86_64 ECS HVM GP2",
    "hypervisor": "xen",
    "image_type": "machine",
    "name": "amzn-ami-2018.03.20210331-amazon-ecs-optimized",
    "owner_id": "591542846629",
    "platform": null,
    "public": true,
    "root_device_name": "/dev/xvda",
    "root_device_type": "ebs",
    "sriov": "simple",
    "state": "available",
    "virtualization_type": "hvm"
  },
  {
    "ami_id": "ami-061e5d663dc225d28",
    "architecture": "x86_64",
    "description": "Amazon Linux AMI 2.0.20221102 x86_64 ECS HVM GP2",
    "hypervisor": "xen",
    "image_type": "machine",
    "name": "amzn2-ami-ecs-gpu-hvm-2.0.20221102-x86_64-ebs",
    "owner_id": "591542846629",
    "platform": null,
    "public": true,
    "root_device_name": "/dev/xvda",
    "root_device_type": "ebs",
    "sriov": "simple",
    "state": "available",
    "virtualization_type": "hvm"
  },
  {
    "ami_id": "ami-0a8b979491c61e4dd",
    "architecture": "arm64",
    "description": "Amazon Linux AMI 2.0.20220822 arm64 ECS HVM GP2",
    "hypervisor": "xen",
    "image_type": "machine",
    "name": "amzn2-ami-ecs-hvm-2.0.20220822-arm64-ebs",
    "owner_id": "591542846629",
    "platform": null,
    "public": true,
    "root_device_name": "/dev/xvda",
    "root_device_type": "ebs",
    "sriov": "simple",
    "state": "available",
    "virtualization_type": "hvm"
  },
  {
    "ami_id": "ami-0c4f2b6e243254bb1",
    "architecture": "x86_64",
    "description": "Amazon Linux AMI 2.0.20230127 x86_64 ECS HVM GP2",
    "hypervisor": "xen",
    "image_type": "machine",
    "name": "amzn2-ami-ecs-hvm-2.0.20230127-x86_64-ebs",
    "owner_id": "591542846629",
    "platform": null,
    "public": true,
    "root_device_name": "/dev/xvda",
    "root_device_type": "ebs",
    "sriov": "simple",
    "state": "available",
    "virtualization_type": "hvm"
  },
  {
    "ami_id": "ami-0d9809c208e747fa8",
    "architecture": "x86_64",
    "description": "Amazon Linux AMI 2022.0.20220421 x86_64 ECS HVM GP2",
    "hypervisor": "xen",
    "image_type": "machine",
    "name": "al2022-ami-ecs-hvm-2022.0.20220421-x86_64-ebs",
    "owner_id": "591542846629",
    "platform": null,
    "public": true,
    "root_device_name": "/dev/xvda",
    "root_device_type": "ebs",
    "sriov": "simple",
    "state": "available",
    "virtualization_type": "hvm"
  },
  {
    "ami_id": "ami-02dd37ce2424a5bf8",
    "architecture": "x86_64",
    "description": "Amazon Linux AMI 2.0.20210623 x86_64 ECS HVM GP2",
    "hypervisor": "xen",
    "image_type": "machine",
    "name": "amzn2-ami-ecs-hvm-2.0.20210623-x86_64-ebs",
    "owner_id": "591542846629",
    "platform": null,
    "public": true,
    "root_device_name": "/dev/xvda",
    "root_device_type": "ebs",
    "sriov": "simple",
    "state": "available",
    "virtualization_type": "hvm"
  },
  {
    "ami_id": "ami-0b198cd7c53467c90",
    "architecture": "x86_64",
    "description": "Amazon Linux AMI amzn-ami-2018.03.20221230 x86_64 ECS HVM GP2",
    "hypervisor": "xen",
    "image_type": "machine",
    "name": "amzn-ami-2018.03.20221230-amazon-ecs-optimized",
    "owner_id": "591542846629",
    "platform": null,
    "public": true,
    "root_device_name": "/dev/xvda",
    "root_device_type": "ebs",
    "sriov": "simple",
    "state": "available",
    "virtualization_type": "hvm"
  },
  {
    "ami_id": "ami-0bfdc31d7bc16bb94",
    "architecture": "x86_64",
    "description": "Amazon Linux AMI amzn-ami-2018.03.20210106 x86_64 ECS HVM GP2",
    "hypervisor": "xen",
    "image_type": "machine",
    "name": "amzn-ami-2018.03.20210106-amazon-ecs-optimized",
    "owner_id": "591542846629",
    "platform": null,
    "public": true,
    "root_device_name": "/dev/xvda",
    "root_device_type": "ebs",
    "sriov": "simple",
    "state": "available",
    "virtualization_type": "hvm"
  },
  {
    "ami_id": "ami-00906cc4fa5e6aa62",
    "architecture": "x86_64",
    "description": "Amazon Linux AMI 2022.0.20220520 x86_64 ECS HVM GP2",
    "hypervisor": "xen",
    "image_type": "machine",
    "name": "al2022-ami-ecs-hvm-2022.0.20220520-x86_64-ebs",
    "owner_id": "591542846629",
    "platform": null,
    "public": true,
    "root_device_name": "/dev/xvda",
    "root_device_type": "ebs",
    "sriov": "simple",
    "state": "available",
    "virtualization_type": "hvm"
  },
  {
    "ami_id": "ami-01bfe1e18da3cb521",
    "architecture": "arm64",
    "description": "Amazon Linux AMI 2.0.20221010 arm64 ECS HVM GP2",
    "hypervisor": "xen",
    "image_type": "machine",
    "name": "amzn2-ami-ecs-hvm-2.0.20221010-arm64-ebs",
    "owner_id": "591542846629",
    "platform": null,
    "public": true,
    "root_device_name": "/dev/xvda",
    "root_device_type": "ebs",
    "sriov": "simple",
    "state": "available",
    "virtualization_type": "hvm"
  },
  {
    "ami_id": "ami-04321ab05bbb4efa1",
    "architecture": "x86_64",
    "description": "Amazon Linux AMI amzn-ami-2018.03.20220627 x86_64 ECS HVM GP2",
    "hypervisor": "xen",
    "image_type": "machine",
    "name": "amzn-ami-2018.03.20220627-amazon-ecs-optimized",
    "owner_id": "591542846629",
    "platform": null,
    "public": true,
    "root_device_name": "/dev/xvda",
    "root_device_type": "ebs",
    "sriov": "simple",
    "state": "available",
    "virtualization_type": "hvm"
  },
  {
    "ami_id": "ami-0b83f45ed3f1d4a69",
    "architecture": "x86_64",
    "description": "Amazon Linux AMI 2022.0.20230109 x86_64 ECS HVM EBS",
    "hypervisor": "xen",
    "image_type": "machine",
    "name": "al2022-ami-ecs-hvm-2022.0.20230109-kernel-5.15-x86_64",
    "owner_id": "591542846629",
    "platform": null,
    "public": true,
    "root_device_name": "/dev/xvda",
    "root_device_type": "ebs",
    "sriov": "simple",
    "state": "available",
    "virtualization_type": "hvm"
  },
  {
    "ami_id": "ami-0e1ea52b40c02e9c8",
    "architecture": "arm64",
    "description": "Amazon Linux AMI 2022.0.20221213 arm64 ECS HVM EBS",
    "hypervisor": "xen",
    "image_type": "machine",
    "name": "al2022-ami-ecs-hvm-2022.0.20221213-kernel-5.15-arm64",
    "owner_id": "591542846629",
    "platform": null,
    "public": true,
    "root_device_name": "/dev/xvda",
    "root_device_type": "ebs",
    "sriov": "simple",
    "state": "available",
    "virtualization_type": "hvm"
  },
  {
    "ami_id": "ami-052870a4f6541d2ab",
    "architecture": "x86_64",
    "description": "Amazon Linux AMI amzn-ami-2018.03.20210723 x86_64 ECS HVM GP2",
    "hypervisor": "xen",
    "image_type": "machine",
    "name": "amzn-ami-2018.03.20210723-amazon-ecs-optimized",
    "owner_id": "591542846629",
    "platform": null,
    "public": true,
    "root_device_name": "/dev/xvda",
    "root_device_type": "ebs",
    "sriov": "simple",
    "state": "available",
    "virtualization_type": "hvm"
  },
  {
    "ami_id": "ami-047f5c35db7ec11d9",
    "architecture": "x86_64",
    "description": "Amazon Linux AMI 2.0.20221010 x86_64 ECS HVM GP2",
    "hypervisor": "xen",
    "image_type": "machine",
    "name": "amzn2-ami-ecs-gpu-hvm-2.0.20221010-x86_64-ebs",
    "owner_id": "591542846629",
    "platform": null,
    "public": true,
    "root_device_name": "/dev/xvda",
    "root_device_type": "ebs",
    "sriov": "simple",
    "state": "available",
    "virtualization_type": "hvm"
  }
]