[
  {
    "ami_id": "ami-07557bf2405fb1920",
    "architecture": "x86_64",
    "description": "Amazon Linux AMI amzn-ami-2018.03.20221010 x86_64 ECS HVM GP2",
    "hypervisor": "xen",
    "image_type": "machine",
    "name": "amzn-ami-2018.03.20221010-amazon-ecs-optimized",
    "owner_id": "296569632912",
    "platform": null,
    "public": true,
    "root_device_name": "/dev/xvda",
    "root_device_type": "ebs",
    "sriov": "simple",
    "state": "available",
    "virtualization_type": "hvm"
  },
  {
    "ami_id": "ami-0eb6188d630e1874d",
    "architecture": "x86_64",
    "description": "Amazon Linux AMI 2.0.20221115 x86_64 ECS HVM GP2",
    "hypervisor": "xen",
    "image_type": "machine",
    "name": "amzn2-ami-ecs-hvm-2.0.20221115-x86_64-ebs",
    "owner_id": "296569632912",
    "platform": null,
    "public": true,
    "root_device_name": "/dev/xvda",
    "root_device_type": "ebs",
    "sriov": "simple",
    "state": "available",
    "virtualization_type": "hvm"
  },
  {
    "ami_id": "ami-047a2531eab0f2264",
    "architecture": "x86_64",
    "description": "Amazon Linux AMI amzn-ami-2018.03.20221230 x86_64 ECS HVM GP2",
    "hypervisor": "xen",
    "image_type": "machine",
    "name": "amzn-ami-2018.03.20221230-amazon-ecs-optimized",
    "owner_id": "296569632912",
    "platform": null,
    "public": true,
    "root_device_name": "/dev/xvda",
    "root_device_type": "ebs",
    "sriov": "simple",
    "state": "available",
    "virtualization_type": "hvm"
  },
  {
    "ami_id": "ami-00cd879d458b963ec",
    "architecture": "x86_64",
    "description": "Amazon Linux AMI 2.0.20221010 x86_64 ECS HVM GP2",
    "hypervisor": "xen",
    "image_type": "machine",
    "name": "amzn2-ami-ecs-hvm-2.0.20221010-x86_64-ebs",
    "owner_id": "296569632912",
    "platform": null,
    "public": true,
    "root_device_name": "/dev/xvda",
    "root_device_type": "ebs",
    "sriov": "simple",
    "state": "available",
    "virtualization_type": "hvm"
  },
  {
    "ami_id": "ami-0a5289f784e045fb0",
    "architecture": "x86_64",
    "description": "Amazon Linux AMI 2.0.20221102 x86_64 ECS HVM GP2",
    "hypervisor": "xen",
    "image_type": "machine",
    "name": "amzn2-ami-ecs-hvm-2.0.20221102-x86_64-ebs",
    "owner_id": "296569632912",
    "platform": null,
    "public": true,
    "root_device_name": "/dev/xvda",
    "root_device_type": "ebs",
    "sriov": "simple",
    "state": "available",
    "virtualization_type": "hvm"
  },
  {
    "ami_id": "ami-0dabf4ad9223de7fd",
    "architecture": "arm64",
    "description": "Amazon Linux AMI 2.0.20230127 arm64 ECS HVM GP2",
    "hypervisor": "xen",
    "image_type": "machine",
    "name": "amzn2-ami-ecs-hvm-2.0.20230127-arm64-ebs",
    "owner_id": "296569632912",
    "platform": null,
    "public": true,
    "root_device_name": "/dev/xvda",
    "root_device_type": "ebs",
    "sriov": "simple",
    "state": "available",
    "virtualization_type": "hvm"
  },
  {
    "ami_id": "ami-0c26ce0ba637b9a22",
    "architecture": "arm64",
    "description": "Amazon Linux AMI 2.0.20230109 Kernel 5.10 arm64 ECS HVM GP2",
    "hypervisor": "xen",
    "image_type": "machine",
    "name": "amzn2-ami-ecs-kernel-5.10-hvm-2.0.20230109-arm64-ebs",
    "owner_id": "296569632912",
    "platform": null,
    "public": true,
    "root_device_name": "/dev/xvda",
    "root_device_type": "ebs",
    "sriov": "simple",
    "state": "available",
    "virtualization_type": "hvm"
  },
  {
    "ami_id": "ami-0b88ec6cc70aae19c",
    "architecture": "x86_64",
    "description": "Amazon Linux AMI 2.0.20230127 x86_64 ECS HVM GP2",
    "hypervisor": "xen",
    "image_type": "machine",
    "name": "amzn2-ami-ecs-hvm-2.0.20230127-x86_64-ebs",
    "owner_id": "296569632912",
    "platform": null,
    "public": true,
    "root_device_name": "/dev/xvda",
    "root_device_type": "ebs",
    "sriov": "simple",
    "state": "available",
    "virtualization_type": "hvm"
  },
  {
    "ami_id": "ami-02c0732b156c152dd",
    "architecture": "x86_64",
    "description": "Amazon Linux AMI 2.0.20230214 Kernel 5.10 x86_64 ECS HVM GP2",
    "hypervisor": "xen",
    "image_type": "machine",
    "name": "amzn2-ami-ecs-kernel-5.10-hvm-2.0.20230214-x86_64-ebs",
    "owner_id": "296569632912",
    "platform": null,
    "public": true,
    "root_device_name": "/dev/xvda",
    "root_device_type": "ebs",
    "sriov": "simple",
    "state": "available",
    "virtualization_type": "hvm"
  },
  {
    "ami_id": "ami-0b95ed63754d0b513",
    "architecture": "x86_64",
    "description": "Amazon Linux AMI 2.0.20221230 x86_64 ECS HVM GP2",
    "hypervisor": "xen",
    "image_type": "machine",
    "name": "amzn2-ami-ecs-hvm-2.0.20221230-x86_64-ebs",
    "owner_id": "296569632912",
    "platform": null,
    "public": true,
    "root_device_name": "/dev/xvda",
    "root_device_type": "ebs",
    "sriov": "simple",
    "state": "available",
    "virtualization_type": "hvm"
  },
  {
    "ami_id": "ami-05973eca7aa7b4efa",
    "architecture": "x86_64",
    "description": "Amazon Linux AMI 2.0.20230127 Kernel 5.10 x86_64 ECS HVM GP2",
    "hypervisor": "xen",
    "image_type": "machine",
    "name": "amzn2-ami-ecs-kernel-5.10-hvm-2.0.20230127-x86_64-ebs",
    "owner_id": "296569632912",
    "platform": null,
    "public": true,
    "root_device_name": "/dev/xvda",
    "root_device_type": "ebs",
    "sriov": "simple",
    "state": "available",
    "virtualization_type": "hvm"
  },
  {
    "ami_id": "ami-00d7a5ed450394c75",
    "architecture": "x86_64",
    "description": "Amazon Linux AMI 2.0.20221207 x86_64 ECS HVM GP2",
    "hypervisor": "xen",
    "image_type": "machine",
    "name": "amzn2-ami-ecs-hvm-2.0.20221207-x86_64-ebs",
    "owner_id": "296569632912",
    "platform": null,
    "public": true,
    "root_device_name": "/dev/xvda",
    "root_device_type": "ebs",
    "sriov": "simple",
    "state": "available",
    "virtualization_type": "hvm"
  },
  {
    "ami_id": "ami-07d57ba42afc2480e",
    "architecture": "x86_64",
    "description": "Amazon Linux AMI 2.0.20221118 x86_64 ECS HVM GP2",
    "hypervisor": "xen",
    "image_type": "machine",
    "name": "amzn2-ami-ecs-hvm-2.0.20221118-x86_64-ebs",
    "owner_id": "296569632912",
    "platform": null,
    "public": true,
    "root_device_name": "/dev/xvda",
    "root_device_type": "ebs",
    "sriov": "simple",
    "state": "available",
    "virtualization_type": "hvm"
  },
  {
    "ami_id": "ami-088fc486cfd5e82f1",
    "architecture": "arm64",
    "description": "Amazon Linux AMI 2.0.20230109 arm64 ECS HVM GP2",
    "hypervisor": "xen",
    "image_type": "machine",
    "name": "amzn2-ami-ecs-hvm-2.0.20230109-arm64-ebs",
    "owner_id": "296569632912",
    "platform": null,
    "public": true,
    "root_device_name": "/dev/xvda",
    "root_device_type": "ebs",
    "sriov": "simple",
    "state": "available",
    "virtualization_type": "hvm"
  },
  {
    "ami_id": "ami-080e939008d487272",
    "architecture": "x86_64",
    "description": "Amazon Linux AMI 2.0.20221213 x86_64 ECS HVM GP2",
    "hypervisor": "xen",
    "image_type": "machine",
    "name": "amzn2-ami-ecs-hvm-2.0.20221213-x86_64-ebs",
    "owner_id": "296569632912",
    "platform": null,
    "public": true,
    "root_device_name": "/dev/xvda",
    "root_device_type": "ebs",
    "sriov": "simple",
    "state": "available",
    "virtualization_type": "hvm"
  },
  {
    "ami_id": "ami-06f0a6a7bfa719404",
    "architecture": "x86_64",
    "description": "Amazon Linux AMI 2.0.20221025 x86_64 ECS HVM GP2",
    "hypervisor": "xen",
    "image_type": "machine",
    "name": "amzn2-ami-ecs-hvm-2.0.20221025-x86_64-ebs",
    "owner_id": "296569632912",
    "platform": null,
    "public": true,
    "root_device_name": "/dev/xvda",
    "root_device_type": "ebs",
    "sriov": "simple",
    "state": "available",
    "virtualization_type": "hvm"
  },
  {
    "ami_id": "ami-09165fd045596bdc3",
    "architecture": "arm64",
    "description": "Amazon Linux AMI 2.0.20221207 arm64 ECS HVM GP2",
    "hypervisor": "xen",
    "image_type": "machine",
    "name": "amzn2-ami-ecs-hvm-2.0.20221207-arm64-ebs",
    "owner_id": "296569632912",
    "platform": null,
    "public": true,
    "root_device_name": "/dev/xvda",
    "root_device_type": "ebs",
    "sriov": "simple",
    "state": "available",
    "virtualization_type": "hvm"
  },
  {
    "ami_id": "ami-0d9038b3bcc792b88",
    "architecture": "x86_64",
    "description": "Amazon Linux AMI amzn-ami-2018.03.20230214 x86_64 ECS HVM GP2",
    "hypervisor": "xen",
    "image_type": "machine",
    "name": "amzn-ami-2018.03.20230214-amazon-ecs-optimized",
    "owner_id": "296569632912",
    "platform": null,
    "public": true,
    "root_device_name": "/dev/xvda",
    "root_device_type": "ebs",
    "sriov": "simple",
    "state": "available",
    "virtualization_type": "hvm"
  },
  {
    "ami_id": "ami-046702f8466972cbd",
    "architecture": "arm64",
    "description": "Amazon Linux AMI 2.0.20221118 arm64 ECS HVM GP2",
    "hypervisor": "xen",
    "image_type": "machine",
    "name": "amzn2-ami-ecs-hvm-2.0.20221118-arm64-ebs",
    "owner_id": "296569632912",
    "platform": null,
    "public": true,
    "root_device_name": "/dev/xvda",
    "root_device_type": "ebs",
    "sriov": "simple",
    "state": "available",
    "virtualization_type": "hvm"
  },
  {
    "ami_id": "ami-068ba8d9dfbad7985",
    "architecture": "x86_64",
    "description": "Amazon Linux AMI 2.0.20230109 Kernel 5.10 x86_64 ECS HVM GP2",
    "hypervisor": "xen",
    "image_type": "machine",
    "name": "amzn2-ami-ecs-kernel-5.10-hvm-2.0.20230109-x86_64-ebs",
    "owner_id": "296569632912",
    "platform": null,
    "public": true,
    "root_device_name": "/dev/xvda",
    "root_device_type": "ebs",
    "sriov": "simple",
    "state": "available",
    "virtualization_type": "hvm"
  },
  {
    "ami_id": "ami-048f8e6cdddb169b2",
    "architecture": "x86_64",
    "description": "Amazon Linux AMI 2.0.20230214 x86_64 ECS HVM GP2",
    "hypervisor": "xen",
    "image_type": "machine",
    "name": "amzn2-ami-ecs-hvm-2.0.20230214-x86_64-ebs",
    "owner_id": "296569632912",
    "platform": null,
    "public": true,
    "root_device_name": "/dev/xvda",
    "root_device_type": "ebs",
    "sriov": "simple",
    "state": "available",
    "virtualization_type": "hvm"
  },
  {
    "ami_id": "ami-0f2e0bc2b4eef0b11",
    "architecture": "arm64",
    "description": "Amazon Linux AMI 2.0.20221230 arm64 ECS HVM GP2",
    "hypervisor": "xen",
    "image_type": "machine",
    "name": "amzn2-ami-ecs-hvm-2.0.20221230-arm64-ebs",
    "owner_id": "296569632912",
    "platform": null,
    "public": true,
    "root_device_name": "/dev/xvda",
    "root_device_type": "ebs",
    "sriov": "simple",
    "state": "available",
    "virtualization_type": "hvm"
  },
  {
    "ami_id": "ami-0e827b837b39bb880",
    "architecture": "arm64",
    "description": "Amazon Linux AMI 2.0.20221213 arm64 ECS HVM GP2",
    "hypervisor": "xen",
    "image_type": "machine",
    "name": "amzn2-ami-ecs-hvm-2.0.20221213-arm64-ebs",
    "owner_id": "296569632912",
    "platform": null,
    "public": true,
    "root_device_name": "/dev/xvda",
    "root_device_type": "ebs",
    "sriov": "simple",
    "state": "available",
    "virtualization_type": "hvm"
  },
  {
    "ami_id": "ami-08e36c6f80c61adc9",
    "architecture": "arm64",
    "description": "Amazon Linux AMI 2.0.20230214 Kernel 5.10 arm64 ECS HVM GP2",
    "hypervisor": "xen",
    "image_type": "machine",
    "name": "amzn2-ami-ecs-kernel-5.10-hvm-2.0.20230214-arm64-ebs",
    "owner_id": "296569632912",
    "platform": null,
    "public": true,
    "root_device_name": "/dev/xvda",
    "root_device_type": "ebs",
    "sriov": "simple",
    "state": "available",
    "virtualization_type": "hvm"
  },
  {
    "ami_id": "ami-0e0c7ad40d0336284",
    "architecture": "x86_64",
    "description": "Amazon Linux AMI 2.0.20230109 x86_64 ECS HVM GP2",
    "hypervisor": "xen",
    "image_type": "machine",
    "name": "amzn2-ami-ecs-hvm-2.0.20230109-x86_64-ebs",
    "owner_id": "296569632912",
    "platform": null,
    "public": true,
    "root_device_name": "/dev/xvda",
    "root_device_type": "ebs",
    "sriov": "simple",
    "state": "available",
    "virtualization_type": "hvm"
  },
  {
    "ami_id": "ami-0e99a7667a39df9eb",
    "architecture": "arm64",
    "description": "Amazon Linux AMI 2.0.20230127 Kernel 5.10 arm64 ECS HVM GP2",
    "hypervisor": "xen",
    "image_type": "machine",
    "name": "amzn2-ami-ecs-kernel-5.10-hvm-2.0.20230127-arm64-ebs",
    "owner_id": "296569632912",
    "platform": null,
    "public": true,
    "root_device_name": "/dev/xvda",
    "root_device_type": "ebs",
    "sriov": "simple",
    "state": "available",
    "virtualization_type": "hvm"
  },
  {
    "ami_id": "ami-0283dd419ed66f874",
    "architecture": "x86_64",
    "description": "Amazon Linux AMI amzn-ami-2018.03.20221115 x86_64 ECS HVM GP2",
    "hypervisor": "xen",
    "image_type": "machine",
    "name": "amzn-ami-2018.03.20221115-amazon-ecs-optimized",
    "owner_id": "296569632912",
    "platform": null,
    "public": true,
    "root_device_name": "/dev/xvda",
    "root_device_type": "ebs",
    "sriov": "simple",
    "state": "available",
    "virtualization_type": "hvm"
  },
  {
    "ami_id": "ami-0a2853be5699775f0",
    "architecture": "arm64",
    "description": "Amazon Linux AMI 2.0.20230214 arm64 ECS HVM GP2",
    "hypervisor": "xen",
    "image_type": "machine",
    "name": "amzn2-ami-ecs-hvm-2.0.20230214-arm64-ebs",
    "owner_id": "296569632912",
    "platform": null,
    "public": true,
    "root_device_name": "/dev/xvda",
    "root_device_type": "ebs",
    "sriov": "simple",
    "state": "available",
    "virtualization_type": "hvm"
  }
]