[
  {
    "ami_id": "ami-049fc27f2da42d05d",
    "architecture": "x86_64",
    "description": "Amazon Linux AMI amzn-ami-2018.03.20220121 x86_64 ECS HVM GP2",
    "hypervisor": "xen",
    "image_type": "machine",
    "name": "amzn-ami-2018.03.20220121-amazon-ecs-optimized",
    "owner_id": "230995884829",
    "platform": null,
    "public": true,
    "root_device_name": "/dev/xvda",
    "root_device_type": "ebs",
    "sriov": "simple",
    "state": "available",
    "virtualization_type": "hvm"
  },
  {
    "ami_id": "ami-0e358f8d6891c47d4",
    "architecture": "x86_64",
    "description": "Amazon Linux AMI 2022.0.20220630 x86_64 ECS HVM GP2",
    "hypervisor": "xen",
    "image_type": "machine",
    "name": "al2022-ami-ecs-hvm-2022.0.20220630-x86_64-ebs",
    "owner_id": "230995884829",
    "platform": null,
    "public": true,
    "root_device_name": "/dev/xvda",
    "root_device_type": "ebs",
    "sriov": "simple",
    "state": "available",
    "virtualization_type": "hvm"
  },
  {
    "ami_id": "ami-07000cd48c79401c8",
    "architecture": "arm64",
    "description": "Amazon Linux AMI 2.0.20221102 arm64 ECS HVM GP2",
    "hypervisor": "xen",
    "image_type": "machine",
    "name": "amzn2-ami-ecs-hvm-2.0.20221102-arm64-ebs",
    "owner_id": "230995884829",
    "platform": null,
    "public": true,
    "root_device_name": "/dev/xvda",
    "root_device_type": "ebs",
    "sriov": "simple",
    "state": "available",
    "virtualization_type": "hvm"
  },
  {
    "ami_id": "ami-07fc2229668c8a4b2",
    "architecture": "x86_64",
    "description": "Amazon Linux AMI 2.0.20211020 x86_64 ECS HVM GP2",
    "hypervisor": "xen",
    "image_type": "machine",
    "name": "amzn2-ami-ecs-hvm-2.0.20211020-x86_64-ebs",
    "owner_id": "230995884829",
    "platform": null,
    "public": true,
    "root_device_name": "/dev/xvda",
    "root_device_type": "ebs",
    "sriov": "simple",
    "state": "available",
    "virtualization_type": "hvm"
  },
  {
    "ami_id": "ami-0d6b86982207a1f65",
    "architecture": "arm64",
    "description": "Amazon Linux AMI 2022.0.20221230 arm64 ECS HVM EBS",
    "hypervisor": "xen",
    "image_type": "machine",
    "name": "al2022-ami-ecs-hvm-2022.0.20221230-kernel-5.15-arm64",
    "owner_id": "230995884829",
    "platform": null,
    "public": true,
    "root_device_name": "/dev/xvda",
    "root_device_type": "ebs",
    "sriov": "simple",
    "state": "available",
    "virtualization_type": "hvm"
  },
  {
    "ami_id": "ami-0350bf0ca7a6bbb78",
    "architecture": "x86_64",
    "description": "Amazon Linux AMI 2.0.20220630 x86_64 ECS HVM GP2",
    "hypervisor": "xen",
    "image_type": "machine",
    "name": "amzn2-ami-ecs-hvm-2.0.20220630-x86_64-ebs",
    "owner_id": "230995884829",
    "platform": null,
    "public": true,
    "root_device_name": "/dev/xvda",
    "root_device_type": "ebs",
    "sriov": "simple",
    "state": "available",
    "virtualization_type": "hvm"
  },
  {
    "ami_id": "ami-0f8166d3a5cb77a4f",
    "architecture": "x86_64",
    "description": "Amazon Linux AMI 2.0.20221115 x86_64 ECS HVM GP2",
    "hypervisor": "xen",
    "image_type": "machine",
    "name": "amzn2-ami-ecs-hvm-2.0.20221115-x86_64-ebs",
    "owner_id": "230995884829",
    "platform": null,
    "public": true,
    "root_device_name": "/dev/xvda",
    "root_device_type": "ebs",
    "sriov": "simple",
    "state": "available",
    "virtualization_type": "hvm"
  },
  {
    "ami_id": "ami-03472836806302ac5",
    "architecture": "x86_64",
    "description": "Amazon Linux AMI 2.0.20211120 x86_64 ECS HVM GP2",
    "hypervisor": "xen",
    "image_type": "machine",
    "name": "amzn2-ami-ecs-hvm-2.0.20211120-x86_64-ebs",
    "owner_id": "230995884829",
    "platform": null,
    "public": true,
    "root_device_name": "/dev/xvda",
    "root_device_type": "ebs",
    "sriov": "simple",
    "state": "available",
    "virtualization_type": "hvm"
  },
  {
    "ami_id": "ami-0ce6d59353952c031",
    "architecture": "x86_64",
    "description": "Amazon Linux AMI 2.0.20220318 x86_64 ECS HVM GP2",
    "hypervisor": "xen",
    "image_type": "machine",
    "name": "amzn2-ami-ecs-hvm-2.0.20220318-x86_64-ebs",
    "owner_id": "230995884829",
    "platform": null,
    "public": true,
    "root_device_name": "/dev/xvda",
    "root_device_type": "ebs",
    "sriov": "simple",
    "state": "available",
    "virtualization_type": "hvm"
  },
  {
    "ami_id": "ami-01086532b108e9e24",
    "architecture": "x86_64",
    "description": "Amazon Linux AMI 2022.0.20230109 x86_64 ECS HVM EBS",
    "hypervisor": "xen",
    "image_type": "machine",
    "name": "al2022-ami-ecs-hvm-2022.0.20230109-kernel-5.15-x86_64",
    "owner_id": "230995884829",
    "platform": null,
    "public": true,
    "root_device_name": "/dev/xvda",
    "root_device_type": "ebs",
    "sriov": "simple",
    "state": "available",
    "virtualization_type": "hvm"
  },
  {
    "ami_id": "ami-04baf21e0b3fde778",
    "architecture": "arm64",
    "description": "Amazon Linux AMI 2.0.20221213 arm64 ECS HVM GP2",
    "hypervisor": "xen",
    "image_type": "machine",
    "name": "amzn2-ami-ecs-hvm-2.0.20221213-arm64-ebs",
    "owner_id": "230995884829",
    "platform": null,
    "public": true,
    "root_device_name": "/dev/xvda",
    "root_device_type": "ebs",
    "sriov": "simple",
    "state": "available",
    "virtualization_type": "hvm"
  },
  {
    "ami_id": "ami-095ef2c6abadb5bd4",
    "architecture": "arm64",
    "description": "Amazon Linux AMI 2.0.20220822 arm64 ECS HVM GP2",
    "hypervisor": "xen",
    "image_type": "machine",
    "name": "amzn2-ami-ecs-hvm-2.0.20220822-arm64-ebs",
    "owner_id": "230995884829",
    "platform": null,
    "public": true,
    "root_device_name": "/dev/xvda",
    "root_device_type": "ebs",
    "sriov": "simple",
    "state": "available",
    "virtualization_type": "hvm"
  },
  {
    "ami_id": "ami-0db902cad3961a891",
    "architecture": "x86_64",
    "description": "Amazon Linux AMI amzn-ami-2018.03.20221010 x86_64 ECS HVM GP2",
    "hypervisor": "xen",
    "image_type": "machine",
    "name": "amzn-ami-2018.03.20221010-amazon-ecs-optimized",
    "owner_id": "230995884829",
    "platform": null,
    "public": true,
    "root_device_name": "/dev/xvda",
    "root_device_type": "ebs",
    "sriov": "simple",
    "state": "available",
    "virtualization_type": "hvm"
  },
  {
    "ami_id": "ami-03a442e0ea04fe920",
    "architecture": "x86_64",
    "description": "Amazon Linux AMI 2.0.20220509 x86_64 ECS HVM GP2",
    "hypervisor": "xen",
    "image_type": "machine",
    "name": "amzn2-ami-ecs-hvm-2.0.20220509-x86_64-ebs",
    "owner_id": "230995884829",
    "platform": null,
    "public": true,
    "root_device_name": "/dev/xvda",
    "root_device_type": "ebs",
    "sriov": "simple",
    "state": "available",
    "virtualization_type": "hvm"
  },
  {
    "ami_id": "ami-032b2846e5619467b",
    "architecture": "arm64",
    "description": "Amazon Linux AMI 2.0.20221207 arm64 ECS HVM GP2",
    "hypervisor": "xen",
    "image_type": "machine",
    "name": "amzn2-ami-ecs-hvm-2.0.20221207-arm64-ebs",
    "owner_id": "230995884829",
    "platform": null,
    "public": true,
    "root_device_name": "/dev/xvda",
    "root_device_type": "ebs",
    "sriov": "simple",
    "state": "available",
    "virtualization_type": "hvm"
  },
  {
    "ami_id": "ami-01f3cb07cc12e56c2",
    "architecture": "x86_64",
    "description": "Amazon Linux AMI 2.0.20221118 x86_64 ECS HVM GP2",
    "hypervisor": "xen",
    "image_type": "machine",
    "name": "amzn2-ami-ecs-hvm-2.0.20221118-x86_64-ebs",
    "owner_id": "230995884829",
    "platform": null,
    "public": true,
    "root_device_name": "/dev/xvda",
    "root_device_type": "ebs",
    "sriov": "simple",
    "state": "available",
    "virtualization_type": "hvm"
  },
  {
    "ami_id": "ami-0b62cf036a2539133",
    "architecture": "x86_64",
    "description": "Amazon Linux AMI 2.0.20220831 x86_64 ECS HVM GP2",
    "hypervisor": "xen",
    "image_type": "machine",
    "name": "amzn2-ami-ecs-hvm-2.0.20220831-x86_64-ebs",
    "owner_id": "230995884829",
    "platform": null,
    "public": true,
    "root_device_name": "/dev/xvda",
    "root_device_type": "ebs",
    "sriov": "simple",
    "state": "available",
    "virtualization_type": "hvm"
  },
  {
    "ami_id": "ami-0324060cb72f2f66f",
    "architecture": "x86_64",
    "description": "Amazon Linux AMI 2022.0.20221207 x86_64 ECS HVM EBS",
    "hypervisor": "xen",
    "image_type": "machine",
    "name": "al2022-ami-ecs-hvm-2022.0.20221207-kernel-5.15-x86_64",
    "owner_id": "230995884829",
    "platform": null,
    "public": true,
    "root_device_name": "/dev/xvda",
    "root_device_type": "ebs",
    "sriov": "simple",
    "state": "available",
    "virtualization_type": "hvm"
  },
  {
    "ami_id": "ami-087843ab17eeb73ca",
    "architecture": "arm64",
    "description": "Amazon Linux AMI 2.0.20230127 arm64 ECS HVM GP2",
    "hypervisor": "xen",
    "image_type": "machine",
    "name": "amzn2-ami-ecs-hvm-2.0.20230127-arm64-ebs",
    "owner_id": "230995884829",
    "platform": null,
    "public": true,
    "root_device_name": "/dev/xvda",
    "root_device_type": "ebs",
    "sriov": "simple",
    "state": "available",
    "virtualization_type": "hvm"
  },
  {
    "ami_id": "ami-0f8a6ddb147060d69",
    "architecture": "x86_64",
    "description": "Amazon Linux AMI 2.0.20220209 x86_64 ECS HVM GP2",
    "hypervisor": "xen",
    "image_type": "machine",
    "name": "amzn2-ami-ecs-hvm-2.0.20220209-x86_64-ebs",
    "owner_id": "230995884829",
    "platform": null,
    "public": true,
    "root_device_name": "/dev/xvda",
    "root_device_type": "ebs",
    "sriov": "simple",
    "state": "available",
    "virtualization_type": "hvm"
  },
  {
    "ami_id": "ami-03fe4398ba1753a86",
    "architecture": "arm64",
    "description": "Amazon Linux AMI 2.0.20230109 arm64 ECS HVM GP2",
    "hypervisor": "xen",
    "image_type": "machine",
    "name": "amzn2-ami-ecs-hvm-2.0.20230109-arm64-ebs",
    "owner_id": "230995884829",
    "platform": null,
    "public": true,
    "root_device_name": "/dev/xvda",
    "root_device_type": "ebs",
    "sriov": "simple",
    "state": "available",
    "virtualization_type": "hvm"
  },
  {
    "ami_id": "ami-0f19088aafc3fbb1f",
    "architecture": "x86_64",
    "description": "Amazon Linux AMI 2.0.20230109 Kernel 5.10 x86_64 ECS HVM GP2",
    "hypervisor": "xen",
    "image_type": "machine",
    "name": "amzn2-ami-ecs-kernel-5.10-hvm-2.0.20230109-x86_64-ebs",
    "owner_id": "230995884829",
    "platform": null,
    "public": true,
    "root_device_name": "/dev/xvda",
    "root_device_type": "ebs",
    "sriov": "simple",
    "state": "available",
    "virtualization_type": "hvm"
  },
  {
    "ami_id": "ami-05749af043d5e51d2",
    "architecture": "arm64",
    "description": "Amazon Linux AMI 2.0.20230214 Kernel 5.10 arm64 ECS HVM GP2",
    "hypervisor": "xen",
    "image_type": "machine",
    "name": "amzn2-ami-ecs-kernel-5.10-hvm-2.0.20230214-arm64-ebs",
    "owner_id": "230995884829",
    "platform": null,
    "public": true,
    "root_device_name": "/dev/xvda",
    "root_device_type": "ebs",
    "sriov": "simple",
    "state": "available",
    "virtualization_type": "hvm"
  },
  {
    "ami_id": "ami-0e1ff13419b94f395",
    "architecture": "x86_64",
    "description": "Amazon Linux AMI 2022.0.20220627 x86_64 ECS HVM GP2",
    "hypervisor": "xen",
    "image_type": "machine",
    "name": "al2022-ami-ecs-hvm-2022.0.20220627-x86_64-ebs",
    "owner_id": "230995884829",
    "platform": null,
    "public": true,
    "root_device_name": "/dev/xvda",
    "root_device_type": "ebs",
    "sriov": "simple",
    "state": "available",
    "virtualization_type": "hvm"
  },
  {
    "ami_id": "ami-0f684347d97971b3d",
    "architecture": "arm64",
    "description": "Amazon Linux AMI 2.0.20221025 arm64 ECS HVM GP2",
    "hypervisor": "xen",
    "image_type": "machine",
    "name": "amzn2-ami-ecs-hvm-2.0.20221025-arm64-ebs",
    "owner_id": "230995884829",
    "platform": null,
    "public": true,
    "root_device_name": "/dev/xvda",
    "root_device_type": "ebs",
    "sriov": "simple",
    "state": "available",
    "virtualization_type": "hvm"
  },
  {
    "ami_id": "ami-09065ad3f1d9f8ad0",
    "architecture": "x86_64",
    "description": "Amazon Linux AMI amzn-ami-2018.03.20230214 x86_64 ECS HVM GP2",
    "hypervisor": "xen",
    "image_type": "machine",
    "name": "amzn-ami-2018.03.20230214-amazon-ecs-optimized",
    "owner_id": "230995884829",
    "platform": null,
    "public": true,
    "root_device_name": "/dev/xvda",
    "root_device_type": "ebs",
    "sriov": "simple",
    "state": "available",
    "virtualization_type": "hvm"
  },
  {
    "ami_id": "ami-03f5977b3e299fad2",
    "architecture": "arm64",
    "description": "Amazon Linux AMI 2.0.20230214 arm64 ECS HVM GP2",
    "hypervisor": "xen",
    "image_type": "machine",
    "name": "amzn2-ami-ecs-hvm-2.0.20230214-arm64-ebs",
    "owner_id": "230995884829",
    "platform": null,
    "public": true,
    "root_device_name": "/dev/xvda",
    "root_device_type": "ebs",
    "sriov": "simple",
    "state": "available",
    "virtualization_type": "hvm"
  },
  {
    "ami_id": "ami-0af6cd03f61772481",
    "architecture": "x86_64",
    "description": "Amazon Linux AMI 2022.0.20220411 x86_64 ECS HVM GP2",
    "hypervisor": "xen",
    "image_type": "machine",
    "name": "al2022-ami-ecs-hvm-2022.0.20220411-x86_64-ebs",
    "owner_id": "230995884829",
    "platform": null,
    "public": true,
    "root_device_name": "/dev/xvda",
    "root_device_type": "ebs",
    "sriov": "simple",
    "state": "available",
    "virtualization_type": "hvm"
  },
  {
    "ami_id": "ami-04582655e9914515a",
    "architecture": "arm64",
    "description": "Amazon Linux AMI 2.0.20230127 Kernel 5.10 arm64 ECS HVM GP2",
    "hypervisor": "xen",
    "image_type": "machine",
    "name": "amzn2-ami-ecs-kernel-5.10-hvm-2.0.20230127-arm64-ebs",
    "owner_id": "230995884829",
    "platform": null,
    "public": true,
    "root_device_name": "/dev/xvda",
    "root_device_type": "ebs",
    "sriov": "simple",
    "state": "available",
    "virtualization_type": "hvm"
  },
  {
    "ami_id": "ami-0ec4d04c74cac6a92",
    "architecture": "arm64",
    "description": "Amazon Linux AMI 2.0.20221115 arm64 ECS HVM GP2",
    "hypervisor": "xen",
    "image_type": "machine",
    "name": "amzn2-ami-ecs-hvm-2.0.20221115-arm64-ebs",
    "owner_id": "230995884829",
    "platform": null,
    "public": true,
    "root_device_name": "/dev/xvda",
    "root_device_type": "ebs",
    "sriov": "simple",
    "state": "available",
    "virtualization_type": "hvm"
  },
  {
    "ami_id": "ami-03d2ac68f388016c8",
    "architecture": "x86_64",
    "description": "Amazon Linux AMI amzn-ami-2018.03.20220509 x86_64 ECS HVM GP2",
    "hypervisor": "xen",
    "image_type": "machine",
    "name": "amzn-ami-2018.03.20220509-amazon-ecs-optimized",
    "owner_id": "230995884829",
    "platform": null,
    "public": true,
    "root_device_name": "/dev/xvda",
    "root_device_type": "ebs",
    "sriov": "simple",
    "state": "available",
    "virtualization_type": "hvm"
  },
  {
    "ami_id": "ami-0fc525138798ae945",
    "architecture": "arm64",
    "description": "Amazon Linux AMI 2.0.20220921 arm64 ECS HVM GP2",
    "hypervisor": "xen",
    "image_type": "machine",
    "name": "amzn2-ami-ecs-hvm-2.0.20220921-arm64-ebs",
    "owner_id": "230995884829",
    "platform": null,
    "public": true,
    "root_device_name": "/dev/xvda",
    "root_device_type": "ebs",
    "sriov": "simple",
    "state": "available",
    "virtualization_type": "hvm"
  },
  {
    "ami_id": "ami-04531530dfc53258f",
    "architecture": "x86_64",
    "description": "Amazon Linux AMI 2022.0.20221230 x86_64 ECS HVM EBS",
    "hypervisor": "xen",
    "image_type": "machine",
    "name": "al2022-ami-ecs-hvm-2022.0.20221230-kernel-5.15-x86_64",
    "owner_id": "230995884829",
    "platform": null,
    "public": true,
    "root_device_name": "/dev/xvda",
    "root_device_type": "ebs",
    "sriov": "simple",
    "state": "available",
    "virtualization_type": "hvm"
  },
  {
    "ami_id": "ami-05dacfa959294fda0",
    "architecture": "x86_64",
    "description": "Amazon Linux AMI amzn-ami-2018.03.20221115 x86_64 ECS HVM GP2",
    "hypervisor": "xen",
    "image_type": "machine",
    "name": "amzn-ami-2018.03.20221115-amazon-ecs-optimized",
    "owner_id": "230995884829",
    "platform": null,
    "public": true,
    "root_device_name": "/dev/xvda",
    "root_device_type": "ebs",
    "sriov": "simple",
    "state": "available",
    "virtualization_type": "hvm"
  },
  {
    "ami_id": "ami-0d669f0f9eb54a094",
    "architecture": "arm64",
    "description": "Amazon Linux AMI 2022.0.20230109 arm64 ECS HVM EBS",
    "hypervisor": "xen",
    "image_type": "machine",
    "name": "al2022-ami-ecs-hvm-2022.0.20230109-kernel-5.15-arm64",
    "owner_id": "230995884829",
    "platform": null,
    "public": true,
    "root_device_name": "/dev/xvda",
    "root_device_type": "ebs",
    "sriov": "simple",
    "state": "available",
    "virtualization_type": "hvm"
  },
  {
    "ami_id": "ami-0d59e408e5d5b99ea",
    "architecture": "x86_64",
    "description": "Amazon Linux AMI 2.0.20221102 x86_64 ECS HVM GP2",
    "hypervisor": "xen",
    "image_type": "machine",
    "name": "amzn2-ami-ecs-hvm-2.0.20221102-x86_64-ebs",
    "owner_id": "230995884829",
    "platform": null,
    "public": true,
    "root_device_name": "/dev/xvda",
    "root_device_type": "ebs",
    "sriov": "simple",
    "state": "available",
    "virtualization_type": "hvm"
  },
  {
    "ami_id": "ami-0d40ad9df6500b876",
    "architecture": "x86_64",
    "description": "Amazon Linux AMI amzn-ami-2018.03.20211120 x86_64 ECS HVM GP2",
    "hypervisor": "xen",
    "image_type": "machine",
    "name": "amzn-ami-2018.03.20211120-amazon-ecs-optimized",
    "owner_id": "230995884829",
    "platform": null,
    "public": true,
    "root_device_name": "/dev/xvda",
    "root_device_type": "ebs",
    "sriov": "simple",
    "state": "available",
    "virtualization_type": "hvm"
  },
  {
    "ami_id": "ami-0aee79627dce2d7ca",
    "architecture": "x86_64",
    "description": "Amazon Linux AMI 2.0.20211209 x86_64 ECS HVM GP2",
    "hypervisor": "xen",
    "image_type": "machine",
    "name": "amzn2-ami-ecs-hvm-2.0.20211209-x86_64-ebs",
    "owner_id": "230995884829",
    "platform": null,
    "public": true,
    "root_device_name": "/dev/xvda",
    "root_device_type": "ebs",
    "sriov": "simple",
    "state": "available",
    "virtualization_type": "hvm"
  },
  {
    "ami_id": "ami-0c686cb38400b566c",
    "architecture": "arm64",
    "description": "Amazon Linux AMI 2022.0.20221102 arm64 ECS HVM EBS",
    "hypervisor": "xen",
    "image_type": "machine",
    "name": "al2022-ami-ecs-hvm-2022.0.20221102-kernel-5.15-arm64",
    "owner_id": "230995884829",
    "platform": null,
    "public": true,
    "root_device_name": "/dev/xvda",
    "root_device_type": "ebs",
    "sriov": "simple",
    "state": "available",
    "virtualization_type": "hvm"
  },
  {
    "ami_id": "ami-06513bc92f66fa956",
    "architecture": "arm64",
    "description": "Amazon Linux AMI 2022.0.20221213 arm64 ECS HVM EBS",
    "hypervisor": "xen",
    "image_type": "machine",
    "name": "al2022-ami-ecs-hvm-2022.0.20221213-kernel-5.15-arm64",
    "owner_id": "230995884829",
    "platform": null,
    "public": true,
    "root_device_name": "/dev/xvda",
    "root_device_type": "ebs",
    "sriov": "simple",
    "state": "available",
    "virtualization_type": "hvm"
  },
  {
    "ami_id": "ami-0df2be0c35237bccd",
    "architecture": "x86_64",
    "description": "Amazon Linux AMI 2022.0.20220509 x86_64 ECS HVM GP2",
    "hypervisor": "xen",
    "image_type": "machine",
    "name": "al2022-ami-ecs-hvm-2022.0.20220509-x86_64-ebs",
    "owner_id": "230995884829",
    "platform": null,
    "public": true,
    "root_device_name": "/dev/xvda",
    "root_device_type": "ebs",
    "sriov": "simple",
    "state": "available",
    "virtualization_type": "hvm"
  },
  {
    "ami_id": "ami-06738bc3887c91fee",
    "architecture": "x86_64",
    "description": "Amazon Linux AMI 2.0.20220411 x86_64 ECS HVM GP2",
    "hypervisor": "xen",
    "image_type": "machine",
    "name": "amzn2-ami-ecs-hvm-2.0.20220411-x86_64-ebs",
    "owner_id": "230995884829",
    "platform": null,
    "public": true,
    "root_device_name": "/dev/xvda",
    "root_device_type": "ebs",
    "sriov": "simple",
    "state": "available",
    "virtualization_type": "hvm"
  },
  {
    "ami_id": "ami-0562837532d6a2c41",
    "architecture": "x86_64",
    "description": "Amazon Linux AMI 2.0.20221230 x86_64 ECS HVM GP2",
    "hypervisor": "xen",
    "image_type": "machine",
    "name": "amzn2-ami-ecs-hvm-2.0.20221230-x86_64-ebs",
    "owner_id": "230995884829",
    "platform": null,
    "public": true,
    "root_device_name": "/dev/xvda",
    "root_device_type": "ebs",
    "sriov": "simple",
    "state": "available",
    "virtualization_type": "hvm"
  },
  {
    "ami_id": "ami-0a3510ceebdf488aa",
    "architecture": "x86_64",
    "description": "Amazon Linux AMI amzn-ami-2018.03.20221230 x86_64 ECS HVM GP2",
    "hypervisor": "xen",
    "image_type": "machine",
    "name": "amzn-ami-2018.03.20221230-amazon-ecs-optimized",
    "owner_id": "230995884829",
    "platform": null,
    "public": true,
    "root_device_name": "/dev/xvda",
    "root_device_type": "ebs",
    "sriov": "simple",
    "state": "available",
    "virtualization_type": "hvm"
  },
  {
    "ami_id": "ami-073a71528224b8ca2",
    "architecture": "arm64",
    "description": "Amazon Linux AMI 2.0.20221118 arm64 ECS HVM GP2",
    "hypervisor": "xen",
    "image_type": "machine",
    "name": "amzn2-ami-ecs-hvm-2.0.20221118-arm64-ebs",
    "owner_id": "230995884829",
    "platform": null,
    "public": true,
    "root_device_name": "/dev/xvda",
    "root_device_type": "ebs",
    "sriov": "simple",
    "state": "available",
    "virtualization_type": "hvm"
  },
  {
    "ami_id": "ami-075e9b2563893b847",
    "architecture": "x86_64",
    "description": "Amazon Linux AMI 2.0.20221213 x86_64 ECS HVM GP2",
    "hypervisor": "xen",
    "image_type": "machine",
    "name": "amzn2-ami-ecs-hvm-2.0.20221213-x86_64-ebs",
    "owner_id": "230995884829",
    "platform": null,
    "public": true,
    "root_device_name": "/dev/xvda",
    "root_device_type": "ebs",
    "sriov": "simple",
    "state": "available",
    "virtualization_type": "hvm"
  },
  {
    "ami_id": "ami-0b248a67bce420ae8",
    "architecture": "arm64",
    "description": "Amazon Linux AMI 2.0.20230109 Kernel 5.10 arm64 ECS HVM GP2",
    "hypervisor": "xen",
    "image_type": "machine",
    "name": "amzn2-ami-ecs-kernel-5.10-hvm-2.0.20230109-arm64-ebs",
    "owner_id": "230995884829",
    "platform": null,
    "public": true,
    "root_device_name": "/dev/xvda",
    "root_device_type": "ebs",
    "sriov": "simple",
    "state": "available",
    "virtualization_type": "hvm"
  },
  {
    "ami_id": "ami-00a33c2561f05103b",
    "architecture": "x86_64",
    "description": "Amazon Linux AMI amzn-ami-2018.03.20220627 x86_64 ECS HVM GP2",
    "hypervisor": "xen",
    "image_type": "machine",
    "name": "amzn-ami-2018.03.20220627-amazon-ecs-optimized",
    "owner_id": "230995884829",
    "platform": null,
    "public": true,
    "root_device_name": "/dev/xvda",
    "root_device_type": "ebs",
    "sriov": "simple",
    "state": "available",
    "virtualization_type": "hvm"
  },
  {
    "ami_id": "ami-0b2b9a683b4d4bb21",
    "architecture": "x86_64",
    "description": "Amazon Linux AMI amzn-ami-2018.03.20220831 x86_64 ECS HVM GP2",
    "hypervisor": "xen",
    "image_type": "machine",
    "name": "amzn-ami-2018.03.20220831-amazon-ecs-optimized",
    "owner_id": "230995884829",
    "platform": null,
    "public": true,
    "root_device_name": "/dev/xvda",
    "root_device_type": "ebs",
    "sriov": "simple",
    "state": "available",
    "virtualization_type": "hvm"
  },
  {
    "ami_id": "ami-0d2cd045da43bf2b1",
    "architecture": "x86_64",
    "description": "Amazon Linux AMI amzn-ami-2018.03.20211209 x86_64 ECS HVM GP2",
    "hypervisor": "xen",
    "image_type": "machine",
    "name": "amzn-ami-2018.03.20211209-amazon-ecs-optimized",
    "owner_id": "230995884829",
    "platform": null,
    "public": true,
    "root_device_name": "/dev/xvda",
    "root_device_type": "ebs",
    "sriov": "simple",
    "state": "available",
    "virtualization_type": "hvm"
  },
  {
    "ami_id": "ami-078982d811f4b4032",
    "architecture": "x86_64",
    "description": "Amazon Linux AMI amzn-ami-2018.03.20211013 x86_64 ECS HVM GP2",
    "hypervisor": "xen",
    "image_type": "machine",
    "name": "amzn-ami-2018.03.20211013-amazon-ecs-optimized",
    "owner_id": "230995884829",
    "platform": null,
    "public": true,
    "root_device_name": "/dev/xvda",
    "root_device_type": "ebs",
    "sriov": "simple",
    "state": "available",
    "virtualization_type": "hvm"
  },
  {
    "ami_id": "ami-0cf92ed4ce1523264",
    "architecture": "x86_64",
    "description": "Amazon Linux AMI 2.0.20221010 x86_64 ECS HVM GP2",
    "hypervisor": "xen",
    "image_type": "machine",
    "name": "amzn2-ami-ecs-hvm-2.0.20221010-x86_64-ebs",
    "owner_id": "230995884829",
    "platform": null,
    "public": true,
    "root_device_name": "/dev/xvda",
    "root_device_type": "ebs",
    "sriov": "simple",
    "state": "available",
    "virtualization_type": "hvm"
  },
  {
    "ami_id": "ami-020a2891ad0fc2781",
    "architecture": "x86_64",
    "description": "Amazon Linux AMI 2.0.20230127 x86_64 ECS HVM GP2",
    "hypervisor": "xen",
    "image_type": "machine",
    "name": "amzn2-ami-ecs-hvm-2.0.20230127-x86_64-ebs",
    "owner_id": "230995884829",
    "platform": null,
    "public": true,
    "root_device_name": "/dev/xvda",
    "root_device_type": "ebs",
    "sriov": "simple",
    "state": "available",
    "virtualization_type": "hvm"
  },
  {
    "ami_id": "ami-0727bfdc69abdc5f9",
    "architecture": "x86_64",
    "description": "Amazon Linux AMI 2.0.20230109 x86_64 ECS HVM GP2",
    "hypervisor": "xen",
    "image_type": "machine",
    "name": "amzn2-ami-ecs-hvm-2.0.20230109-x86_64-ebs",
    "owner_id": "230995884829",
    "platform": null,
    "public": true,
    "root_device_name": "/dev/xvda",
    "root_device_type": "ebs",
    "sriov": "simple",
    "state": "available",
    "virtualization_type": "hvm"
  },
  {
    "ami_id": "ami-092be1c8d910ed2c7",
    "architecture": "arm64",
    "description": "Amazon Linux AMI 2022.0.20230127 arm64 ECS HVM EBS",
    "hypervisor": "xen",
    "image_type": "machine",
    "name": "al2022-ami-ecs-hvm-2022.0.20230127-kernel-5.15-arm64",
    "owner_id": "230995884829",
    "platform": null,
    "public": true,
    "root_device_name": "/dev/xvda",
    "root_device_type": "ebs",
    "sriov": "simple",
    "state": "available",
    "virtualization_type": "hvm"
  },
  {
    "ami_id": "ami-05cc966f74479b231",
    "architecture": "x86_64",
    "description": "Amazon Linux AMI 2.0.20221207 x86_64 ECS HVM GP2",
    "hypervisor": "xen",
    "image_type": "machine",
    "name": "amzn2-ami-ecs-hvm-2.0.20221207-x86_64-ebs",
    "owner_id": "230995884829",
    "platform": null,
    "public": true,
    "root_device_name": "/dev/xvda",
    "root_device_type": "ebs",
    "sriov": "simple",
    "state": "available",
    "virtualization_type": "hvm"
  },
  {
    "ami_id": "ami-0852ba92f4c18f4cd",
    "architecture": "x86_64",
    "description": "Amazon Linux AMI 2.0.20220520 x86_64 ECS HVM GP2",
    "hypervisor": "xen",
    "image_type": "machine",
    "name": "amzn2-ami-ecs-hvm-2.0.20220520-x86_64-ebs",
    "owner_id": "230995884829",
    "platform": null,
    "public": true,
    "root_device_name": "/dev/xvda",
    "root_device_type": "ebs",
    "sriov": "simple",
    "state": "available",
    "virtualization_type": "hvm"
  },
  {
    "ami_id": "ami-0edec6757bfeaa1a1",
    "architecture": "arm64",
    "description": "Amazon Linux AMI 2.0.20220831 arm64 ECS HVM GP2",
    "hypervisor": "xen",
    "image_type": "machine",
    "name": "amzn2-ami-ecs-hvm-2.0.20220831-arm64-ebs",
    "owner_id": "230995884829",
    "platform": null,
    "public": true,
    "root_device_name": "/dev/xvda",
    "root_device_type": "ebs",
    "sriov": "simple",
    "state": "available",
    "virtualization_type": "hvm"
  },
  {
    "ami_id": "ami-0dc09e7fee0a024df",
    "architecture": "x86_64",
    "description": "Amazon Linux AMI 2.0.20230127 Kernel 5.10 x86_64 ECS HVM GP2",
    "hypervisor": "xen",
    "image_type": "machine",
    "name": "amzn2-ami-ecs-kernel-5.10-hvm-2.0.20230127-x86_64-ebs",
    "owner_id": "230995884829",
    "platform": null,
    "public": true,
    "root_device_name": "/dev/xvda",
    "root_device_type": "ebs",
    "sriov": "simple",
    "state": "available",
    "virtualization_type": "hvm"
  },
  {
    "ami_id": "ami-0dd8df8a076b0db8d",
    "architecture": "x86_64",
    "description": "Amazon Linux AMI 2.0.20220121 x86_64 ECS HVM GP2",
    "hypervisor": "xen",
    "image_type": "machine",
    "name": "amzn2-ami-ecs-hvm-2.0.20220121-x86_64-ebs",
    "owner_id": "230995884829",
    "platform": null,
    "public": true,
    "root_device_name": "/dev/xvda",
    "root_device_type": "ebs",
    "sriov": "simple",
    "state": "available",
    "virtualization_type": "hvm"
  },
  {
    "ami_id": "ami-0a9dc0b32e631893b",
    "architecture": "x86_64",
    "description": "Amazon Linux AMI 2.0.20220627 x86_64 ECS HVM GP2",
    "hypervisor": "xen",
    "image_type": "machine",
    "name": "amzn2-ami-ecs-hvm-2.0.20220627-x86_64-ebs",
    "owner_id": "230995884829",
    "platform": null,
    "public": true,
    "root_device_name": "/dev/xvda",
    "root_device_type": "ebs",
    "sriov": "simple",
    "state": "available",
    "virtualization_type": "hvm"
  },
  {
    "ami_id": "ami-0b96c2370c1ff6165",
    "architecture": "x86_64",
    "description": "Amazon Linux AMI 2022.0.20220520 x86_64 ECS HVM GP2",
    "hypervisor": "xen",
    "image_type": "machine",
    "name": "al2022-ami-ecs-hvm-2022.0.20220520-x86_64-ebs",
    "owner_id": "230995884829",
    "platform": null,
    "public": true,
    "root_device_name": "/dev/xvda",
    "root_device_type": "ebs",
    "sriov": "simple",
    "state": "available",
    "virtualization_type": "hvm"
  },
  {
    "ami_id": "ami-0188331858e372ee8",
    "architecture": "x86_64",
    "description": "Amazon Linux AMI 2.0.20220421 x86_64 ECS HVM GP2",
    "hypervisor": "xen",
    "image_type": "machine",
    "name": "amzn2-ami-ecs-hvm-2.0.20220421-x86_64-ebs",
    "owner_id": "230995884829",
    "platform": null,
    "public": true,
    "root_device_name": "/dev/xvda",
    "root_device_type": "ebs",
    "sriov": "simple",
    "state": "available",
    "virtualization_type": "hvm"
  },
  {
    "ami_id": "ami-07577ca3fac18b65c",
    "architecture": "arm64",
    "description": "Amazon Linux AMI 2.0.20221230 arm64 ECS HVM GP2",
    "hypervisor": "xen",
    "image_type": "machine",
    "name": "amzn2-ami-ecs-hvm-2.0.20221230-arm64-ebs",
    "owner_id": "230995884829",
    "platform": null,
    "public": true,
    "root_device_name": "/dev/xvda",
    "root_device_type": "ebs",
    "sriov": "simple",
    "state": "available",
    "virtualization_type": "hvm"
  },
  {
    "ami_id": "ami-05960f81192810e85",
    "architecture": "x86_64",
    "description": "Amazon Linux AMI 2.0.20220921 x86_64 ECS HVM GP2",
    "hypervisor": "xen",
    "image_type": "machine",
    "name": "amzn2-ami-ecs-hvm-2.0.20220921-x86_64-ebs",
    "owner_id": "230995884829",
    "platform": null,
    "public": true,
    "root_device_name": "/dev/xvda",
    "root_device_type": "ebs",
    "sriov": "simple",
    "state": "available",
    "virtualization_type": "hvm"
  },
  {
    "ami_id": "ami-00684c6667a0188e6",
    "architecture": "x86_64",
    "description": "Amazon Linux AMI amzn-ami-2018.03.20211115 x86_64 ECS HVM GP2",
    "hypervisor": "xen",
    "image_type": "machine",
    "name": "amzn-ami-2018.03.20211115-amazon-ecs-optimized",
    "owner_id": "230995884829",
    "platform": null,
    "public": true,
    "root_device_name": "/dev/xvda",
    "root_device_type": "ebs",
    "sriov": "simple",
    "state": "available",
    "virtualization_type": "hvm"
  },
  {
    "ami_id": "ami-036ddf86cd8e83020",
    "architecture": "x86_64",
    "description": "Amazon Linux AMI amzn-ami-2018.03.20220209 x86_64 ECS HVM GP2",
    "hypervisor": "xen",
    "image_type": "machine",
    "name": "amzn-ami-2018.03.20220209-amazon-ecs-optimized",
    "owner_id": "230995884829",
    "platform": null,
    "public": true,
    "root_device_name": "/dev/xvda",
    "root_device_type": "ebs",
    "sriov": "simple",
    "state": "available",
    "virtualization_type": "hvm"
  },
  {
    "ami_id": "ami-0ae0499bcea7de363",
    "architecture": "x86_64",
    "description": "Amazon Linux AMI 2.0.20230214 x86_64 ECS HVM GP2",
    "hypervisor": "xen",
    "image_type": "machine",
    "name": "amzn2-ami-ecs-hvm-2.0.20230214-x86_64-ebs",
    "owner_id": "230995884829",
    "platform": null,
    "public": true,
    "root_device_name": "/dev/xvda",
    "root_device_type": "ebs",
    "sriov": "simple",
    "state": "available",
    "virtualization_type": "hvm"
  },
  {
    "ami_id": "ami-05197edbad87a2d53",
    "architecture": "x86_64",
    "description": "Amazon Linux AMI 2.0.20211103 x86_64 ECS HVM GP2",
    "hypervisor": "xen",
    "image_type": "machine",
    "name": "amzn2-ami-ecs-hvm-2.0.20211103-x86_64-ebs",
    "owner_id": "230995884829",
    "platform": null,
    "public": true,
    "root_device_name": "/dev/xvda",
    "root_device_type": "ebs",
    "sriov": "simple",
    "state": "available",
    "virtualization_type": "hvm"
  },
  {
    "ami_id": "ami-052087d6039b1f636",
    "architecture": "x86_64",
    "description": "Amazon Linux AMI 2.0.20220304 x86_64 ECS HVM GP2",
    "hypervisor": "xen",
    "image_type": "machine",
    "name": "amzn2-ami-ecs-hvm-2.0.20220304-x86_64-ebs",
    "owner_id": "230995884829",
    "platform": null,
    "public": true,
    "root_device_name": "/dev/xvda",
    "root_device_type": "ebs",
    "sriov": "simple",
    "state": "available",
    "virtualization_type": "hvm"
  },
  {
    "ami_id": "ami-085b9aa56cf47f02d",
    "architecture": "arm64",
    "description": "Amazon Linux AMI 2022.0.20221207 arm64 ECS HVM EBS",
    "hypervisor": "xen",
    "image_type": "machine",
    "name": "al2022-ami-ecs-hvm-2022.0.20221207-kernel-5.15-arm64",
    "owner_id": "230995884829",
    "platform": null,
    "public": true,
    "root_device_name": "/dev/xvda",
    "root_device_type": "ebs",
    "sriov": "simple",
    "state": "available",
    "virtualization_type": "hvm"
  },
  {
    "ami_id": "ami-0f464bd95be75df4c",
    "architecture": "x86_64",
    "description": "Amazon Linux AMI 2.0.20220822 x86_64 ECS HVM GP2",
    "hypervisor": "xen",
    "image_type": "machine",
    "name": "amzn2-ami-ecs-hvm-2.0.20220822-x86_64-ebs",
    "owner_id": "230995884829",
    "platform": null,
    "public": true,
    "root_device_name": "/dev/xvda",
    "root_device_type": "ebs",
    "sriov": "simple",
    "state": "available",
    "virtualization_type": "hvm"
  },
  {
    "ami_id": "ami-0328d46863027090e",
    "architecture": "x86_64",
    "description": "Amazon Linux AMI 2.0.20220328 x86_64 ECS HVM GP2",
    "hypervisor": "xen",
    "image_type": "machine",
    "name": "amzn2-ami-ecs-hvm-2.0.20220328-x86_64-ebs",
    "owner_id": "230995884829",
    "platform": null,
    "public": true,
    "root_device_name": "/dev/xvda",
    "root_device_type": "ebs",
    "sriov": "simple",
    "state": "available",
    "virtualization_type": "hvm"
  },
  {
    "ami_id": "ami-0fd9d0a81779f748b",
    "architecture": "x86_64",
    "description": "Amazon Linux AMI 2.0.20221025 x86_64 ECS HVM GP2",
    "hypervisor": "xen",
    "image_type": "machine",
    "name": "amzn2-ami-ecs-hvm-2.0.20221025-x86_64-ebs",
    "owner_id": "230995884829",
    "platform": null,
    "public": true,
    "root_device_name": "/dev/xvda",
    "root_device_type": "ebs",
    "sriov": "simple",
    "state": "available",
    "virtualization_type": "hvm"
  },
  {
    "ami_id": "ami-074de382fc9efac62",
    "architecture": "x86_64",
    "description": "Amazon Linux AMI amzn-ami-2018.03.20220318 x86_64 ECS HVM GP2",
    "hypervisor": "xen",
    "image_type": "machine",
    "name": "amzn-ami-2018.03.20220318-amazon-ecs-optimized",
    "owner_id": "230995884829",
    "platform": null,
    "public": true,
    "root_device_name": "/dev/xvda",
    "root_device_type": "ebs",
    "sriov": "simple",
    "state": "available",
    "virtualization_type": "hvm"
  },
  {
    "ami_id": "ami-0f08066ad5251be4d",
    "architecture": "x86_64",
    "description": "Amazon Linux AMI 2022.0.20221213 x86_64 ECS HVM EBS",
    "hypervisor": "xen",
    "image_type": "machine",
    "name": "al2022-ami-ecs-hvm-2022.0.20221213-kernel-5.15-x86_64",
    "owner_id": "230995884829",
    "platform": null,
    "public": true,
    "root_device_name": "/dev/xvda",
    "root_device_type": "ebs",
    "sriov": "simple",
    "state": "available",
    "virtualization_type": "hvm"
  },
  {
    "ami_id": "ami-0a62e4fc51fb2be4d",
    "architecture": "arm64",
    "description": "Amazon Linux AMI 2.0.20221010 arm64 ECS HVM GP2",
    "hypervisor": "xen",
    "image_type": "machine",
    "name": "amzn2-ami-ecs-hvm-2.0.20221010-arm64-ebs",
    "owner_id": "230995884829",
    "platform": null,
    "public": true,
    "root_device_name": "/dev/xvda",
    "root_device_type": "ebs",
    "sriov": "simple",
    "state": "available",
    "virtualization_type": "hvm"
  },
  {
    "ami_id": "ami-0b4fef0f6f5bba976",
    "architecture": "x86_64",
    "description": "Amazon Linux AMI 2.0.20230214 Kernel 5.10 x86_64 ECS HVM GP2",
    "hypervisor": "xen",
    "image_type": "machine",
    "name": "amzn2-ami-ecs-kernel-5.10-hvm-2.0.20230214-x86_64-ebs",
    "owner_id": "230995884829",
    "platform": null,
    "public": true,
    "root_device_name": "/dev/xvda",
    "root_device_type": "ebs",
    "sriov": "simple",
    "state": "available",
    "virtualization_type": "hvm"
  },
  {
    "ami_id": "ami-0eeaf8a63609e90e3",
    "architecture": "x86_64",
    "description": "Amazon Linux AMI 2022.0.20220421 x86_64 ECS HVM GP2",
    "hypervisor": "xen",
    "image_type": "machine",
    "name": "al2022-ami-ecs-hvm-2022.0.20220421-x86_64-ebs",
    "owner_id": "230995884829",
    "platform": null,
    "public": true,
    "root_device_name": "/dev/xvda",
    "root_device_type": "ebs",
    "sriov": "simple",
    "state": "available",
    "virtualization_type": "hvm"
  },
  {
    "ami_id": "ami-0b6aaf0abe981fc05",
    "architecture": "x86_64",
    "description": "Amazon Linux AMI 2022.0.20230127 x86_64 ECS HVM EBS",
    "hypervisor": "xen",
    "image_type": "machine",
    "name": "al2022-ami-ecs-hvm-2022.0.20230127-kernel-5.15-x86_64",
    "owner_id": "230995884829",
    "platform": null,
    "public": true,
    "root_device_name": "/dev/xvda",
    "root_device_type": "ebs",
    "sriov": "simple",
    "state": "available",
    "virtualization_type": "hvm"
  },
  {
    "ami_id": "ami-08239519fdcd5ac90",
    "architecture": "x86_64",
    "description": "Amazon Linux AMI 2022.0.20221102 x86_64 ECS HVM EBS",
    "hypervisor": "xen",
    "image_type": "machine",
    "name": "al2022-ami-ecs-hvm-2022.0.20221102-kernel-5.15-x86_64",
    "owner_id": "230995884829",
    "platform": null,
    "public": true,
    "root_device_name": "/dev/xvda",
    "root_device_type": "ebs",
    "sriov": "simple",
    "state": "available",
    "virtualization_type": "hvm"
  },
  {
    "ami_id": "ami-0f90714a212dc0dd2",
    "architecture": "x86_64",
    "description": "Amazon Linux AMI 2.0.20220607 x86_64 ECS HVM GP2",
    "hypervisor": "xen",
    "image_type": "machine",
    "name": "amzn2-ami-ecs-hvm-2.0.20220607-x86_64-ebs",
    "owner_id": "230995884829",
    "platform": null,
    "public": true,
    "root_device_name": "/dev/xvda",
    "root_device_type": "ebs",
    "sriov": "simple",
    "state": "available",
    "virtualization_type": "hvm"
  },
  {
    "ami_id": "ami-06b5021f52728c90d",
    "architecture": "x86_64",
    "description": "Amazon Linux AMI 2022.0.20220607 x86_64 ECS HVM GP2",
    "hypervisor": "xen",
    "image_type": "machine",
    "name": "al2022-ami-ecs-hvm-2022.0.20220607-x86_64-ebs",
    "owner_id": "230995884829",
    "platform": null,
    "public": true,
    "root_device_name": "/dev/xvda",
    "root_device_type": "ebs",
    "sriov": "simple",
    "state": "available",
    "virtualization_type": "hvm"
  },
  {
    "ami_id": "ami-0b8438a8834ef4704",
    "architecture": "x86_64",
    "description": "Amazon Linux AMI 2.0.20211115 x86_64 ECS HVM GP2",
    "hypervisor": "xen",
    "image_type": "machine",
    "name": "amzn2-ami-ecs-hvm-2.0.20211115-x86_64-ebs",
    "owner_id": "230995884829",
    "platform": null,
    "public": true,
    "root_device_name": "/dev/xvda",
    "root_device_type": "ebs",
    "sriov": "simple",
    "state": "available",
    "virtualization_type": "hvm"
  }
]