[
  {
    "ami_id": "ami-07b478bd9c99dc014",
    "architecture": "x86_64",
    "description": "Amazon Linux AMI 2.0.20230127 x86_64 ECS HVM GP2",
    "hypervisor": "xen",
    "image_type": "machine",
    "name": "amzn2-ami-ecs-hvm-2.0.20230127-x86_64-ebs",
    "owner_id": "434623702375",
    "platform": null,
    "public": true,
    "root_device_name": "/dev/xvda",
    "root_device_type": "ebs",
    "sriov": "simple",
    "state": "available",
    "virtualization_type": "hvm"
  },
  {
    "ami_id": "ami-057bcc51248953f78",
    "architecture": "arm64",
    "description": "Amazon Linux AMI 2.0.20221115 arm64 ECS HVM GP2",
    "hypervisor": "xen",
    "image_type": "machine",
    "name": "amzn2-ami-ecs-hvm-2.0.20221115-arm64-ebs",
    "owner_id": "434623702375",
    "platform": null,
    "public": true,
    "root_device_name": "/dev/xvda",
    "root_device_type": "ebs",
    "sriov": "simple",
    "state": "available",
    "virtualization_type": "hvm"
  },
  {
    "ami_id": "ami-0b97ffbafa0c8f7e5",
    "architecture": "arm64",
    "description": "Amazon Linux AMI 2.0.20221213 arm64 ECS HVM GP2",
    "hypervisor": "xen",
    "image_type": "machine",
    "name": "amzn2-ami-ecs-hvm-2.0.20221213-arm64-ebs",
    "owner_id": "434623702375",
    "platform": null,
    "public": true,
    "root_device_name": "/dev/xvda",
    "root_device_type": "ebs",
    "sriov": "simple",
    "state": "available",
    "virtualization_type": "hvm"
  },
  {
    "ami_id": "ami-0247766fa51a00d6a",
    "architecture": "arm64",
    "description": "Amazon Linux AMI 2.0.20230214 Kernel 5.10 arm64 ECS HVM GP2",
    "hypervisor": "xen",
    "image_type": "machine",
    "name": "amzn2-ami-ecs-kernel-5.10-hvm-2.0.20230214-arm64-ebs",
    "owner_id": "434623702375",
    "platform": null,
    "public": true,
    "root_device_name": "/dev/xvda",
    "root_device_type": "ebs",
    "sriov": "simple",
    "state": "available",
    "virtualization_type": "hvm"
  },
  {
    "ami_id": "ami-03086acb5c8a87e60",
    "architecture": "x86_64",
    "description": "Amazon Linux AMI 2.0.20220921 x86_64 ECS HVM GP2",
    "hypervisor": "xen",
    "image_type": "machine",
    "name": "amzn2-ami-ecs-hvm-2.0.20220921-x86_64-ebs",
    "owner_id": "434623702375",
    "platform": null,
    "public": true,
    "root_device_name": "/dev/xvda",
    "root_device_type": "ebs",
    "sriov": "simple",
    "state": "available",
    "virtualization_type": "hvm"
  },
  {
    "ami_id": "ami-046e4d87da74d4cb1",
    "architecture": "x86_64",
    "description": "Amazon Linux AMI 2.0.20230214 x86_64 ECS HVM GP2",
    "hypervisor": "xen",
    "image_type": "machine",
    "name": "amzn2-ami-ecs-hvm-2.0.20230214-x86_64-ebs",
    "owner_id": "434623702375",
    "platform": null,
    "public": true,
    "root_device_name": "/dev/xvda",
    "root_device_type": "ebs",
    "sriov": "simple",
    "state": "available",
    "virtualization_type": "hvm"
  },
  {
    "ami_id": "ami-0f669dd98ed834e26",
    "architecture": "x86_64",
    "description": "Amazon Linux AMI 2.0.20221025 x86_64 ECS HVM GP2",
    "hypervisor": "xen",
    "image_type": "machine",
    "name": "amzn2-ami-ecs-hvm-2.0.20221025-x86_64-ebs",
    "owner_id": "434623702375",
    "platform": null,
    "public": true,
    "root_device_name": "/dev/xvda",
    "root_device_type": "ebs",
    "sriov": "simple",
    "state": "available",
    "virtualization_type": "hvm"
  },
  {
    "ami_id": "ami-0a1e8e571c4abbed1",
    "architecture": "arm64",
    "description": "Amazon Linux AMI 2.0.20230109 Kernel 5.10 arm64 ECS HVM GP2",
    "hypervisor": "xen",
    "image_type": "machine",
    "name": "amzn2-ami-ecs-kernel-5.10-hvm-2.0.20230109-arm64-ebs",
    "owner_id": "434623702375",
    "platform": null,
    "public": true,
    "root_device_name": "/dev/xvda",
    "root_device_type": "ebs",
    "sriov": "simple",
    "state": "available",
    "virtualization_type": "hvm"
  },
  {
    "ami_id": "ami-036d784398837ed22",
    "architecture": "x86_64",
    "description": "Amazon Linux AMI 2.0.20221230 x86_64 ECS HVM GP2",
    "hypervisor": "xen",
    "image_type": "machine",
    "name": "amzn2-ami-ecs-hvm-2.0.20221230-x86_64-ebs",
    "owner_id": "434623702375",
    "platform": null,
    "public": true,
    "root_device_name": "/dev/xvda",
    "root_device_type": "ebs",
    "sriov": "simple",
    "state": "available",
    "virtualization_type": "hvm"
  },
  {
    "ami_id": "ami-045fbce771d60681b",
    "architecture": "x86_64",
    "description": "Amazon Linux AMI 2.0.20230214 Kernel 5.10 x86_64 ECS HVM GP2",
    "hypervisor": "xen",
    "image_type": "machine",
    "name": "amzn2-ami-ecs-kernel-5.10-hvm-2.0.20230214-x86_64-ebs",
    "owner_id": "434623702375",
    "platform": null,
    "public": true,
    "root_device_name": "/dev/xvda",
    "root_device_type": "ebs",
    "sriov": "simple",
    "state": "available",
    "virtualization_type": "hvm"
  },
  {
    "ami_id": "ami-052054a2ce6be80e1",
    "architecture": "x86_64",
    "description": "Amazon Linux AMI amzn-ami-2018.03.20221010 x86_64 ECS HVM GP2",
    "hypervisor": "xen",
    "image_type": "machine",
    "name": "amzn-ami-2018.03.20221010-amazon-ecs-optimized",
    "owner_id": "434623702375",
    "platform": null,
    "public": true,
    "root_device_name": "/dev/xvda",
    "root_device_type": "ebs",
    "sriov": "simple",
    "state": "available",
    "virtualization_type": "hvm"
  },
  {
    "ami_id": "ami-0224ead0df868fe01",
    "architecture": "x86_64",
    "description": "Amazon Linux AMI amzn-ami-2018.03.20221230 x86_64 ECS HVM GP2",
    "hypervisor": "xen",
    "image_type": "machine",
    "name": "amzn-ami-2018.03.20221230-amazon-ecs-optimized",
    "owner_id": "434623702375",
    "platform": null,
    "public": true,
    "root_device_name": "/dev/xvda",
    "root_device_type": "ebs",
    "sriov": "simple",
    "state": "available",
    "virtualization_type": "hvm"
  },
  {
    "ami_id": "ami-08ed9dddd16328a21",
    "architecture": "x86_64",
    "description": "Amazon Linux AMI 2.0.20221102 x86_64 ECS HVM GP2",
    "hypervisor": "xen",
    "image_type": "machine",
    "name": "amzn2-ami-ecs-hvm-2.0.20221102-x86_64-ebs",
    "owner_id": "434623702375",
    "platform": null,
    "public": true,
    "root_device_name": "/dev/xvda",
    "root_device_type": "ebs",
    "sriov": "simple",
    "state": "available",
    "virtualization_type": "hvm"
  },
  {
    "ami_id": "ami-09485e02f4a80271d",
    "architecture": "arm64",
    "description": "Amazon Linux AMI 2.0.20230214 arm64 ECS HVM GP2",
    "hypervisor": "xen",
    "image_type": "machine",
    "name": "amzn2-ami-ecs-hvm-2.0.20230214-arm64-ebs",
    "owner_id": "434623702375",
    "platform": null,
    "public": true,
    "root_device_name": "/dev/xvda",
    "root_device_type": "ebs",
    "sriov": "simple",
    "state": "available",
    "virtualization_type": "hvm"
  },
  {
    "ami_id": "ami-0525ccd6a33eb84c5",
    "architecture": "x86_64",
    "description": "Amazon Linux AMI 2.0.20230109 Kernel 5.10 x86_64 ECS HVM GP2",
    "hypervisor": "xen",
    "image_type": "machine",
    "name": "amzn2-ami-ecs-kernel-5.10-hvm-2.0.20230109-x86_64-ebs",
    "owner_id": "434623702375",
    "platform": null,
    "public": true,
    "root_device_name": "/dev/xvda",
    "root_device_type": "ebs",
    "sriov": "simple",
    "state": "available",
    "virtualization_type": "hvm"
  },
  {
    "ami_id": "ami-077742dad74cd2a8a",
    "architecture": "x86_64",
    "description": "Amazon Linux AMI amzn-ami-2018.03.20230214 x86_64 ECS HVM GP2",
    "hypervisor": "xen",
    "image_type": "machine",
    "name": "amzn-ami-2018.03.20230214-amazon-ecs-optimized",
    "owner_id": "434623702375",
    "platform": null,
    "public": true,
    "root_device_name": "/dev/xvda",
    "root_device_type": "ebs",
    "sriov": "simple",
    "state": "available",
    "virtualization_type": "hvm"
  },
  {
    "ami_id": "ami-0d2d64451d3e2a16c",
    "architecture": "arm64",
    "description": "Amazon Linux AMI 2.0.20221207 arm64 ECS HVM GP2",
    "hypervisor": "xen",
    "image_type": "machine",
    "name": "amzn2-ami-ecs-hvm-2.0.20221207-arm64-ebs",
    "owner_id": "434623702375",
    "platform": null,
    "public": true,
    "root_device_name": "/dev/xvda",
    "root_device_type": "ebs",
    "sriov": "simple",
    "state": "available",
    "virtualization_type": "hvm"
  },
  {
    "ami_id": "ami-0f554ef973a79ae3b",
    "architecture": "x86_64",
    "description": "Amazon Linux AMI 2.0.20221115 x86_64 ECS HVM GP2",
    "hypervisor": "xen",
    "image_type": "machine",
    "name": "amzn2-ami-ecs-hvm-2.0.20221115-x86_64-ebs",
    "owner_id": "434623702375",
    "platform": null,
    "public": true,
    "root_device_name": "/dev/xvda",
    "root_device_type": "ebs",
    "sriov": "simple",
    "state": "available",
    "virtualization_type": "hvm"
  },
  {
    "ami_id": "ami-0f38118459f491148",
    "architecture": "x86_64",
    "description": "Amazon Linux AMI 2.0.20221207 x86_64 ECS HVM GP2",
    "hypervisor": "xen",
    "image_type": "machine",
    "name": "amzn2-ami-ecs-hvm-2.0.20221207-x86_64-ebs",
    "owner_id": "434623702375",
    "platform": null,
    "public": true,
    "root_device_name": "/dev/xvda",
    "root_device_type": "ebs",
    "sriov": "simple",
    "state": "available",
    "virtualization_type": "hvm"
  },
  {
    "ami_id": "ami-0dda817b0de437042",
    "architecture": "x86_64",
    "description": "Amazon Linux AMI 2.0.20230127 Kernel 5.10 x86_64 ECS HVM GP2",
    "hypervisor": "xen",
    "image_type": "machine",
    "name": "amzn2-ami-ecs-kernel-5.10-hvm-2.0.20230127-x86_64-ebs",
    "owner_id": "434623702375",
    "platform": null,
    "public": true,
    "root_device_name": "/dev/xvda",
    "root_device_type": "ebs",
    "sriov": "simple",
    "state": "available",
    "virtualization_type": "hvm"
  },
  {
    "ami_id": "ami-054f6f3ebcd61eb79",
    "architecture": "x86_64",
    "description": "Amazon Linux AMI amzn-ami-2018.03.20221115 x86_64 ECS HVM GP2",
    "hypervisor": "xen",
    "image_type": "machine",
    "name": "amzn-ami-2018.03.20221115-amazon-ecs-optimized",
    "owner_id": "434623702375",
    "platform": null,
    "public": true,
    "root_device_name": "/dev/xvda",
    "root_device_type": "ebs",
    "sriov": "simple",
    "state": "available",
    "virtualization_type": "hvm"
  },
  {
    "ami_id": "ami-03e984cf4fa1eee98",
    "architecture": "arm64",
    "description": "Amazon Linux AMI 2.0.20221118 arm64 ECS HVM GP2",
    "hypervisor": "xen",
    "image_type": "machine",
    "name": "amzn2-ami-ecs-hvm-2.0.20221118-arm64-ebs",
    "owner_id": "434623702375",
    "platform": null,
    "public": true,
    "root_device_name": "/dev/xvda",
    "root_device_type": "ebs",
    "sriov": "simple",
    "state": "available",
    "virtualization_type": "hvm"
  },
  {
    "ami_id": "ami-01567ac9733913a49",
    "architecture": "x86_64",
    "description": "Amazon Linux AMI 2.0.20221213 x86_64 ECS HVM GP2",
    "hypervisor": "xen",
    "image_type": "machine",
    "name": "amzn2-ami-ecs-hvm-2.0.20221213-x86_64-ebs",
    "owner_id": "434623702375",
    "platform": null,
    "public": true,
    "root_device_name": "/dev/xvda",
    "root_device_type": "ebs",
    "sriov": "simple",
    "state": "available",
    "virtualization_type": "hvm"
  },
  {
    "ami_id": "ami-0424108b6e72afd96",
    "architecture": "x86_64",
    "description": "Amazon Linux AMI 2.0.20221118 x86_64 ECS HVM GP2",
    "hypervisor": "xen",
    "image_type": "machine",
    "name": "amzn2-ami-ecs-hvm-2.0.20221118-x86_64-ebs",
    "owner_id": "434623702375",
    "platform": null,
    "public": true,
    "root_device_name": "/dev/xvda",
    "root_device_type": "ebs",
    "sriov": "simple",
    "state": "available",
    "virtualization_type": "hvm"
  },
  {
    "ami_id": "ami-0d961d5dd3f8e016e",
    "architecture": "x86_64",
    "description": "Amazon Linux AMI 2.0.20221010 x86_64 ECS HVM GP2",
    "hypervisor": "xen",
    "image_type": "machine",
    "name": "amzn2-ami-ecs-hvm-2.0.20221010-x86_64-ebs",
    "owner_id": "434623702375",
    "platform": null,
    "public": true,
    "root_device_name": "/dev/xvda",
    "root_device_type": "ebs",
    "sriov": "simple",
    "state": "available",
    "virtualization_type": "hvm"
  },
  {
    "ami_id": "ami-01a074882db79e5dd",
    "architecture": "arm64",
    "description": "Amazon Linux AMI 2.0.20230109 arm64 ECS HVM GP2",
    "hypervisor": "xen",
    "image_type": "machine",
    "name": "amzn2-ami-ecs-hvm-2.0.20230109-arm64-ebs",
    "owner_id": "434623702375",
    "platform": null,
    "public": true,
    "root_device_name": "/dev/xvda",
    "root_device_type": "ebs",
    "sriov": "simple",
    "state": "available",
    "virtualization_type": "hvm"
  },
  {
    "ami_id": "ami-00afbe6c31512f3fd",
    "architecture": "x86_64",
    "description": "Amazon Linux AMI 2.0.20230109 x86_64 ECS HVM GP2",
    "hypervisor": "xen",
    "image_type": "machine",
    "name": "amzn2-ami-ecs-hvm-2.0.20230109-x86_64-ebs",
    "owner_id": "434623702375",
    "platform": null,
    "public": true,
    "root_device_name": "/dev/xvda",
    "root_device_type": "ebs",
    "sriov": "simple",
    "state": "available",
    "virtualization_type": "hvm"
  },
  {
    "ami_id": "ami-0caca9b31a6b6ee4a",
    "architecture": "x86_64",
    "description": "Amazon Linux AMI amzn-ami-2018.03.20220921 x86_64 ECS HVM GP2",
    "hypervisor": "xen",
    "image_type": "machine",
    "name": "amzn-ami-2018.03.20220921-amazon-ecs-optimized",
    "owner_id": "434623702375",
    "platform": null,
    "public": true,
    "root_device_name": "/dev/xvda",
    "root_device_type": "ebs",
    "sriov": "simple",
    "state": "available",
    "virtualization_type": "hvm"
  }
]