[
  {
    "ami_id": "ami-09a81696bd003d9af",
    "architecture": "x86_64",
    "description": "Amazon Linux AMI amzn-ami-2018.03.20230214 x86_64 ECS HVM GP2",
    "hypervisor": "xen",
    "image_type": "machine",
    "name": "amzn-ami-2018.03.20230214-amazon-ecs-optimized",
    "owner_id": "878116103691",
    "platform": null,
    "public": true,
    "root_device_name": "/dev/xvda",
    "root_device_type": "ebs",
    "sriov": "simple",
    "state": "available",
    "virtualization_type": "hvm"
  },
  {
    "ami_id": "ami-0b4fd440052dd8ae9",
    "architecture": "x86_64",
    "description": "Amazon Linux AMI 2.0.20221230 x86_64 ECS HVM GP2",
    "hypervisor": "xen",
    "image_type": "machine",
    "name": "amzn2-ami-ecs-hvm-2.0.20221230-x86_64-ebs",
    "owner_id": "878116103691",
    "platform": null,
    "public": true,
    "root_device_name": "/dev/xvda",
    "root_device_type": "ebs",
    "sriov": "simple",
    "state": "available",
    "virtualization_type": "hvm"
  },
  {
    "ami_id": "ami-00a0749734ceb1b11",
    "architecture": "arm64",
    "description": "Amazon Linux AMI 2.0.20221115 arm64 ECS HVM GP2",
    "hypervisor": "xen",
    "image_type": "machine",
    "name": "amzn2-ami-ecs-hvm-2.0.20221115-arm64-ebs",
    "owner_id": "878116103691",
    "platform": null,
    "public": true,
    "root_device_name": "/dev/xvda",
    "root_device_type": "ebs",
    "sriov": "simple",
    "state": "available",
    "virtualization_type": "hvm"
  },
  {
    "ami_id": "ami-07594d2bda7c05005",
    "architecture": "arm64",
    "description": "Amazon Linux AMI 2.0.20221207 arm64 ECS HVM GP2",
    "hypervisor": "xen",
    "image_type": "machine",
    "name": "amzn2-ami-ecs-hvm-2.0.20221207-arm64-ebs",
    "owner_id": "878116103691",
    "platform": null,
    "public": true,
    "root_device_name": "/dev/xvda",
    "root_device_type": "ebs",
    "sriov": "simple",
    "state": "available",
    "virtualization_type": "hvm"
  },
  {
    "ami_id": "ami-071c2c0a2032e665c",
    "architecture": "x86_64",
    "description": "Amazon Linux AMI 2.0.20221118 x86_64 ECS HVM GP2",
    "hypervisor": "xen",
    "image_type": "machine",
    "name": "amzn2-ami-ecs-hvm-2.0.20221118-x86_64-ebs",
    "owner_id": "878116103691",
    "platform": null,
    "public": true,
    "root_device_name": "/dev/xvda",
    "root_device_type": "ebs",
    "sriov": "simple",
    "state": "available",
    "virtualization_type": "hvm"
  },
  {
    "ami_id": "ami-031b8534fb4a5db70",
    "architecture": "x86_64",
    "description": "Amazon Linux AMI amzn-ami-2018.03.20221115 x86_64 ECS HVM GP2",
    "hypervisor": "xen",
    "image_type": "machine",
    "name": "amzn-ami-2018.03.20221115-amazon-ecs-optimized",
    "owner_id": "878116103691",
    "platform": null,
    "public": true,
    "root_device_name": "/dev/xvda",
    "root_device_type": "ebs",
    "sriov": "simple",
    "state": "available",
    "virtualization_type": "hvm"
  },
  {
    "ami_id": "ami-08094d141795d3032",
    "architecture": "x86_64",
    "description": "Amazon Linux AMI amzn-ami-2018.03.20221230 x86_64 ECS HVM GP2",
    "hypervisor": "xen",
    "image_type": "machine",
    "name": "amzn-ami-2018.03.20221230-amazon-ecs-optimized",
    "owner_id": "878116103691",
    "platform": null,
    "public": true,
    "root_device_name": "/dev/xvda",
    "root_device_type": "ebs",
    "sriov": "simple",
    "state": "available",
    "virtualization_type": "hvm"
  },
  {
    "ami_id": "ami-0bff31cb66171167c",
    "architecture": "arm64",
    "description": "Amazon Linux AMI 2.0.20230214 Kernel 5.10 arm64 ECS HVM GP2",
    "hypervisor": "xen",
    "image_type": "machine",
    "name": "amzn2-ami-ecs-kernel-5.10-hvm-2.0.20230214-arm64-ebs",
    "owner_id": "878116103691",
    "platform": null,
    "public": true,
    "root_device_name": "/dev/xvda",
    "root_device_type": "ebs",
    "sriov": "simple",
    "state": "available",
    "virtualization_type": "hvm"
  },
  {
    "ami_id": "ami-0f81f1f5e30515b46",
    "architecture": "arm64",
    "description": "Amazon Linux AMI 2.0.20230214 arm64 ECS HVM GP2",
    "hypervisor": "xen",
    "image_type": "machine",
    "name": "amzn2-ami-ecs-hvm-2.0.20230214-arm64-ebs",
    "owner_id": "878116103691",
    "platform": null,
    "public": true,
    "root_device_name": "/dev/xvda",
    "root_device_type": "ebs",
    "sriov": "simple",
    "state": "available",
    "virtualization_type": "hvm"
  },
  {
    "ami_id": "ami-0c6ce1956dfd170ea",
    "architecture": "x86_64",
    "description": "Amazon Linux AMI amzn-ami-2018.03.20221010 x86_64 ECS HVM GP2",
    "hypervisor": "xen",
    "image_type": "machine",
    "name": "amzn-ami-2018.03.20221010-amazon-ecs-optimized",
    "owner_id": "878116103691",
    "platform": null,
    "public": true,
    "root_device_name": "/dev/xvda",
    "root_device_type": "ebs",
    "sriov": "simple",
    "state": "available",
    "virtualization_type": "hvm"
  },
  {
    "ami_id": "ami-05397395f1d858f1c",
    "architecture": "arm64",
    "description": "Amazon Linux AMI 2.0.20221118 arm64 ECS HVM GP2",
    "hypervisor": "xen",
    "image_type": "machine",
    "name": "amzn2-ami-ecs-hvm-2.0.20221118-arm64-ebs",
    "owner_id": "878116103691",
    "platform": null,
    "public": true,
    "root_device_name": "/dev/xvda",
    "root_device_type": "ebs",
    "sriov": "simple",
    "state": "available",
    "virtualization_type": "hvm"
  },
  {
    "ami_id": "ami-075495ada7b9683a2",
    "architecture": "arm64",
    "description": "Amazon Linux AMI 2.0.20230127 Kernel 5.10 arm64 ECS HVM GP2",
    "hypervisor": "xen",
    "image_type": "machine",
    "name": "amzn2-ami-ecs-kernel-5.10-hvm-2.0.20230127-arm64-ebs",
    "owner_id": "878116103691",
    "platform": null,
    "public": true,
    "root_device_name": "/dev/xvda",
    "root_device_type": "ebs",
    "sriov": "simple",
    "state": "available",
    "virtualization_type": "hvm"
  },
  {
    "ami_id": "ami-0c49badd2cc9a71f3",
    "architecture": "x86_64",
    "description": "Amazon Linux AMI 2.0.20221115 x86_64 ECS HVM GP2",
    "hypervisor": "xen",
    "image_type": "machine",
    "name": "amzn2-ami-ecs-hvm-2.0.20221115-x86_64-ebs",
    "owner_id": "878116103691",
    "platform": null,
    "public": true,
    "root_device_name": "/dev/xvda",
    "root_device_type": "ebs",
    "sriov": "simple",
    "state": "available",
    "virtualization_type": "hvm"
  },
  {
    "ami_id": "ami-0c8043806e9891996",
    "architecture": "x86_64",
    "description": "Amazon Linux AMI 2.0.20230127 x86_64 ECS HVM GP2",
    "hypervisor": "xen",
    "image_type": "machine",
    "name": "amzn2-ami-ecs-hvm-2.0.20230127-x86_64-ebs",
    "owner_id": "878116103691",
    "platform": null,
    "public": true,
    "root_device_name": "/dev/xvda",
    "root_device_type": "ebs",
    "sriov": "simple",
    "state": "available",
    "virtualization_type": "hvm"
  },
  {
    "ami_id": "ami-06a29140d098e583c",
    "architecture": "x86_64",
    "description": "Amazon Linux AMI 2.0.20221213 x86_64 ECS HVM GP2",
    "hypervisor": "xen",
    "image_type": "machine",
    "name": "amzn2-ami-ecs-hvm-2.0.20221213-x86_64-ebs",
    "owner_id": "878116103691",
    "platform": null,
    "public": true,
    "root_device_name": "/dev/xvda",
    "root_device_type": "ebs",
    "sriov": "simple",
    "state": "available",
    "virtualization_type": "hvm"
  },
  {
    "ami_id": "ami-0b442915d4dc26348",
    "architecture": "x86_64",
    "description": "Amazon Linux AMI 2.0.20230109 x86_64 ECS HVM GP2",
    "hypervisor": "xen",
    "image_type": "machine",
    "name": "amzn2-ami-ecs-hvm-2.0.20230109-x86_64-ebs",
    "owner_id": "878116103691",
    "platform": null,
    "public": true,
    "root_device_name": "/dev/xvda",
    "root_device_type": "ebs",
    "sriov": "simple",
    "state": "available",
    "virtualization_type": "hvm"
  },
  {
    "ami_id": "ami-06fe0b0bdb94e6422",
    "architecture": "arm64",
    "description": "Amazon Linux AMI 2.0.20221213 arm64 ECS HVM GP2",
    "hypervisor": "xen",
    "image_type": "machine",
    "name": "amzn2-ami-ecs-hvm-2.0.20221213-arm64-ebs",
    "owner_id": "878116103691",
    "platform": null,
    "public": true,
    "root_device_name": "/dev/xvda",
    "root_device_type": "ebs",
    "sriov": "simple",
    "state": "available",
    "virtualization_type": "hvm"
  },
  {
    "ami_id": "ami-092862115f7a6c45f",
    "architecture": "x86_64",
    "description": "Amazon Linux AMI 2.0.20220921 x86_64 ECS HVM GP2",
    "hypervisor": "xen",
    "image_type": "machine",
    "name": "amzn2-ami-ecs-hvm-2.0.20220921-x86_64-ebs",
    "owner_id": "878116103691",
    "platform": null,
    "public": true,
    "root_device_name": "/dev/xvda",
    "root_device_type": "ebs",
    "sriov": "simple",
    "state": "available",
    "virtualization_type": "hvm"
  },
  {
    "ami_id": "ami-0751917cdb21b1f8f",
    "architecture": "x86_64",
    "description": "Amazon Linux AMI 2.0.20230127 Kernel 5.10 x86_64 ECS HVM GP2",
    "hypervisor": "xen",
    "image_type": "machine",
    "name": "amzn2-ami-ecs-kernel-5.10-hvm-2.0.20230127-x86_64-ebs",
    "owner_id": "878116103691",
    "platform": null,
    "public": true,
    "root_device_name": "/dev/xvda",
    "root_device_type": "ebs",
    "sriov": "simple",
    "state": "available",
    "virtualization_type": "hvm"
  },
  {
    "ami_id": "ami-08bcc1e8cca3976b3",
    "architecture": "arm64",
    "description": "Amazon Linux AMI 2.0.20221230 arm64 ECS HVM GP2",
    "hypervisor": "xen",
    "image_type": "machine",
    "name": "amzn2-ami-ecs-hvm-2.0.20221230-arm64-ebs",
    "owner_id": "878116103691",
    "platform": null,
    "public": true,
    "root_device_name": "/dev/xvda",
    "root_device_type": "ebs",
    "sriov": "simple",
    "state": "available",
    "virtualization_type": "hvm"
  },
  {
    "ami_id": "ami-08c0e4def594dd2e4",
    "architecture": "x86_64",
    "description": "Amazon Linux AMI 2.0.20230109 Kernel 5.10 x86_64 ECS HVM GP2",
    "hypervisor": "xen",
    "image_type": "machine",
    "name": "amzn2-ami-ecs-kernel-5.10-hvm-2.0.20230109-x86_64-ebs",
    "owner_id": "878116103691",
    "platform": null,
    "public": true,
    "root_device_name": "/dev/xvda",
    "root_device_type": "ebs",
    "sriov": "simple",
    "state": "available",
    "virtualization_type": "hvm"
  },
  {
    "ami_id": "ami-0f350a811a097fcda",
    "architecture": "arm64",
    "description": "Amazon Linux AMI 2.0.20230127 arm64 ECS HVM GP2",
    "hypervisor": "xen",
    "image_type": "machine",
    "name": "amzn2-ami-ecs-hvm-2.0.20230127-arm64-ebs",
    "owner_id": "878116103691",
    "platform": null,
    "public": true,
    "root_device_name": "/dev/xvda",
    "root_device_type": "ebs",
    "sriov": "simple",
    "state": "available",
    "virtualization_type": "hvm"
  },
  {
    "ami_id": "ami-0cb45bd9b7313312f",
    "architecture": "x86_64",
    "description": "Amazon Linux AMI 2.0.20230214 x86_64 ECS HVM GP2",
    "hypervisor": "xen",
    "image_type": "machine",
    "name": "amzn2-ami-ecs-hvm-2.0.20230214-x86_64-ebs",
    "owner_id": "878116103691",
    "platform": null,
    "public": true,
    "root_device_name": "/dev/xvda",
    "root_device_type": "ebs",
    "sriov": "simple",
    "state": "available",
    "virtualization_type": "hvm"
  },
  {
    "ami_id": "ami-0160ce256fcd8f2f2",
    "architecture": "arm64",
    "description": "Amazon Linux AMI 2.0.20230109 Kernel 5.10 arm64 ECS HVM GP2",
    "hypervisor": "xen",
    "image_type": "machine",
    "name": "amzn2-ami-ecs-kernel-5.10-hvm-2.0.20230109-arm64-ebs",
    "owner_id": "878116103691",
    "platform": null,
    "public": true,
    "root_device_name": "/dev/xvda",
    "root_device_type": "ebs",
    "sriov": "simple",
    "state": "available",
    "virtualization_type": "hvm"
  },
  {
    "ami_id": "ami-0a82a79721e0883d4",
    "architecture": "x86_64",
    "description": "Amazon Linux AMI 2.0.20221102 x86_64 ECS HVM GP2",
    "hypervisor": "xen",
    "image_type": "machine",
    "name": "amzn2-ami-ecs-hvm-2.0.20221102-x86_64-ebs",
    "owner_id": "878116103691",
    "platform": null,
    "public": true,
    "root_device_name": "/dev/xvda",
    "root_device_type": "ebs",
    "sriov": "simple",
    "state": "available",
    "virtualization_type": "hvm"
  },
  {
    "ami_id": "ami-0c1391d064ceeaa9c",
    "architecture": "x86_64",
    "description": "Amazon Linux AMI 2.0.20230214 Kernel 5.10 x86_64 ECS HVM GP2",
    "hypervisor": "xen",
    "image_type": "machine",
    "name": "amzn2-ami-ecs-kernel-5.10-hvm-2.0.20230214-x86_64-ebs",
    "owner_id": "878116103691",
    "platform": null,
    "public": true,
    "root_device_name": "/dev/xvda",
    "root_device_type": "ebs",
    "sriov": "simple",
    "state": "available",
    "virtualization_type": "hvm"
  },
  {
    "ami_id": "ami-00f15e53755be2f5e",
    "architecture": "x86_64",
    "description": "Amazon Linux AMI 2.0.20221025 x86_64 ECS HVM GP2",
    "hypervisor": "xen",
    "image_type": "machine",
    "name": "amzn2-ami-ecs-hvm-2.0.20221025-x86_64-ebs",
    "owner_id": "878116103691",
    "platform": null,
    "public": true,
    "root_device_name": "/dev/xvda",
    "root_device_type": "ebs",
    "sriov": "simple",
    "state": "available",
    "virtualization_type": "hvm"
  },
  {
    "ami_id": "ami-055b3914e909e5b0a",
    "architecture": "x86_64",
    "description": "Amazon Linux AMI 2.0.20221207 x86_64 ECS HVM GP2",
    "hypervisor": "xen",
    "image_type": "machine",
    "name": "amzn2-ami-ecs-hvm-2.0.20221207-x86_64-ebs",
    "owner_id": "878116103691",
    "platform": null,
    "public": true,
    "root_device_name": "/dev/xvda",
    "root_device_type": "ebs",
    "sriov": "simple",
    "state": "available",
    "virtualization_type": "hvm"
  },
  {
    "ami_id": "ami-0a77bdadc28cbf24d",
    "architecture": "x86_64",
    "description": "Amazon Linux AMI 2.0.20221010 x86_64 ECS HVM GP2",
    "hypervisor": "xen",
    "image_type": "machine",
    "name": "amzn2-ami-ecs-hvm-2.0.20221010-x86_64-ebs",
    "owner_id": "878116103691",
    "platform": null,
    "public": true,
    "root_device_name": "/dev/xvda",
    "root_device_type": "ebs",
    "sriov": "simple",
    "state": "available",
    "virtualization_type": "hvm"
  },
  {
    "ami_id": "ami-0e0c0a546c5083324",
    "architecture": "arm64",
    "description": "Amazon Linux AMI 2.0.20230109 arm64 ECS HVM GP2",
    "hypervisor": "xen",
    "image_type": "machine",
    "name": "amzn2-ami-ecs-hvm-2.0.20230109-arm64-ebs",
    "owner_id": "878116103691",
    "platform": null,
    "public": true,
    "root_device_name": "/dev/xvda",
    "root_device_type": "ebs",
    "sriov": "simple",
    "state": "available",
    "virtualization_type": "hvm"
  },
  {
    "ami_id": "ami-02a1844ab50f20447",
    "architecture": "arm64",
    "description": "Amazon Linux AMI 2.0.20221025 arm64 ECS HVM GP2",
    "hypervisor": "xen",
    "image_type": "machine",
    "name": "amzn2-ami-ecs-hvm-2.0.20221025-arm64-ebs",
    "owner_id": "878116103691",
    "platform": null,
    "public": true,
    "root_device_name": "/dev/xvda",
    "root_device_type": "ebs",
    "sriov": "simple",
    "state": "available",
    "virtualization_type": "hvm"
  },
  {
    "ami_id": "ami-05dea98f126e0d72f",
    "architecture": "arm64",
    "description": "Amazon Linux AMI 2.0.20221102 arm64 ECS HVM GP2",
    "hypervisor": "xen",
    "image_type": "machine",
    "name": "amzn2-ami-ecs-hvm-2.0.20221102-arm64-ebs",
    "owner_id": "878116103691",
    "platform": null,
    "public": true,
    "root_device_name": "/dev/xvda",
    "root_device_type": "ebs",
    "sriov": "simple",
    "state": "available",
    "virtualization_type": "hvm"
  },
  {
    "ami_id": "ami-0c148effa433a4cb8",
    "architecture": "x86_64",
    "description": "Amazon Linux AMI amzn-ami-2018.03.20220921 x86_64 ECS HVM GP2",
    "hypervisor": "xen",
    "image_type": "machine",
    "name": "amzn-ami-2018.03.20220921-amazon-ecs-optimized",
    "owner_id": "878116103691",
    "platform": null,
    "public": true,
    "root_device_name": "/dev/xvda",
    "root_device_type": "ebs",
    "sriov": "simple",
    "state": "available",
    "virtualization_type": "hvm"
  }
]